-- phpMyAdmin SQL Dump
-- version 3.5.1
-- http://www.phpmyadmin.net
--
-- Servidor: localhost
-- Tiempo de generación: 31-01-2014 a las 21:32:49
-- Versión del servidor: 5.5.24-log
-- Versión de PHP: 5.4.3

SET SQL_MODE="NO_AUTO_VALUE_ON_ZERO";
SET time_zone = "+00:00";


/*!40101 SET @OLD_CHARACTER_SET_CLIENT=@@CHARACTER_SET_CLIENT */;
/*!40101 SET @OLD_CHARACTER_SET_RESULTS=@@CHARACTER_SET_RESULTS */;
/*!40101 SET @OLD_COLLATION_CONNECTION=@@COLLATION_CONNECTION */;
/*!40101 SET NAMES utf8 */;

--
-- Base de datos: `correspondencia`
--

-- --------------------------------------------------------

--
-- Estructura de tabla para la tabla `communications`
--

CREATE TABLE IF NOT EXISTS `communications` (
  `id` int(11) NOT NULL AUTO_INCREMENT,
  `entity_id` int(11) NOT NULL,
  `user_id` int(11) NOT NULL,
  `created` datetime NOT NULL,
  `modified` datetime NOT NULL,
  `communication_type_id` int(11) DEFAULT '0',
  `communication_category_id` int(11) DEFAULT '0',
  `action_id` int(11) DEFAULT '0' COMMENT 'tipo de accion que requiere la comunicacion',
  `draft` int(11) NOT NULL DEFAULT '0' COMMENT '1 si la comunicacion es un borrador',
  PRIMARY KEY (`id`)
) ENGINE=InnoDB  DEFAULT CHARSET=latin1 AUTO_INCREMENT=55 ;

--
-- Volcado de datos para la tabla `communications`
--

INSERT INTO `communications` (`id`, `entity_id`, `user_id`, `created`, `modified`, `communication_type_id`, `communication_category_id`, `action_id`, `draft`) VALUES
(1, 3, 2, '2013-11-14 10:36:53', '2013-11-14 10:36:53', 1, 1, 0, 0),
(2, 3, 2, '2013-11-14 12:52:31', '2013-11-14 12:52:31', 1, 3, 0, 0),
(3, 3, 2, '2013-11-14 13:06:11', '2013-11-14 13:06:11', 1, 1, 0, 0),
(4, 3, 2, '2013-11-14 14:21:52', '2013-11-14 14:21:52', 1, 1, 0, 0),
(5, 3, 2, '2013-11-14 14:25:39', '2013-11-14 14:25:39', 1, 1, 0, 0),
(6, 3, 2, '2013-11-14 15:29:25', '2013-11-14 15:29:25', 1, 1, 5, 0),
(7, 3, 2, '2013-11-14 16:08:41', '2013-11-14 16:08:41', 1, 1, 2, 0),
(8, 3, 2, '2013-11-15 08:41:26', '2013-11-15 08:41:26', 1, 1, 3, 0),
(9, 17, 17, '2013-11-15 12:02:34', '2013-11-15 12:02:34', 1, 1, 2, 0),
(10, 17, 17, '2013-11-15 12:07:06', '2013-11-15 12:07:06', 1, 1, 2, 0),
(11, 9, 32, '2013-11-19 13:30:50', '2013-11-19 16:20:29', 3, 1, 4, 0),
(12, 9, 32, '2013-11-19 13:39:05', '2013-11-19 13:39:05', 3, 1, 5, 0),
(13, 3, 2, '2013-11-27 13:31:44', '2013-11-27 13:31:44', 1, 1, 1, 0),
(14, 3, 2, '2013-11-27 13:33:40', '2013-11-29 13:22:43', 1, 1, 4, 0),
(15, 6, 33, '2013-11-27 14:33:39', '2013-11-29 13:13:18', 2, 1, 5, 0),
(16, 3, 2, '2013-11-27 16:32:41', '2013-11-27 16:32:41', 1, 11, 2, 0),
(17, 3, 2, '2013-11-29 09:35:02', '2013-11-29 10:03:43', 1, 14, 1, 0),
(18, 3, 2, '2013-11-29 09:36:51', '2013-11-29 09:43:34', 1, 11, 5, 0),
(19, 17, 17, '2013-11-29 13:05:05', '2013-11-29 13:06:27', 2, 15, 5, 0),
(20, 3, 2, '2013-11-29 13:06:53', '2013-11-29 13:06:53', 3, 9, 5, 0),
(21, 17, 17, '2013-11-29 14:37:05', '2013-11-29 16:01:53', 1, 13, 2, 0),
(22, 17, 17, '2013-11-29 16:19:51', '2013-11-29 17:04:32', 1, 13, 2, 0),
(23, 17, 17, '2013-11-29 17:06:33', '2013-11-29 17:06:57', 3, 5, 2, 0),
(24, 17, 17, '2013-11-29 17:14:47', '2013-11-29 17:15:22', 1, 11, 2, 0),
(25, 17, 17, '2013-12-02 09:13:31', '2013-12-02 10:04:23', 2, 15, 2, 0),
(26, 8, 21, '2013-12-02 09:16:01', '2013-12-02 09:52:52', 1, 11, 2, 0),
(27, 3, 2, '2013-12-02 10:05:24', '2013-12-02 10:06:17', 1, 13, 2, 0),
(28, 3, 2, '2013-12-02 10:12:14', '2013-12-02 10:12:35', 3, 3, 2, 0),
(29, 3, 2, '2013-12-02 10:14:11', '2013-12-02 10:14:46', 1, 13, 2, 0),
(30, 3, 2, '2013-12-02 10:24:18', '2013-12-02 10:24:33', 1, 14, 2, 0),
(31, 3, 2, '2013-12-02 10:25:03', '2013-12-02 10:25:30', 1, 11, 2, 0),
(32, 3, 2, '2013-12-02 10:27:21', '2013-12-03 08:54:36', 2, 8, 2, 0),
(33, 17, 17, '2013-12-02 15:00:20', '2013-12-02 15:00:20', 2, 8, 5, 0),
(34, 8, 21, '2013-12-03 09:09:36', '2013-12-03 09:09:55', 1, 11, 2, 0),
(35, 8, 21, '2013-12-03 09:10:44', '2013-12-03 09:10:55', 1, 11, 2, 0),
(36, 3, 2, '2013-12-03 15:56:53', '2013-12-03 15:56:53', 1, 11, 2, 0),
(37, 3, 2, '2013-12-04 11:13:58', '2013-12-04 11:13:58', 1, 13, 1, 0),
(38, 3, 2, '2013-12-04 11:41:04', '2013-12-04 11:43:13', 1, 13, 4, 0),
(39, 3, 2, '2013-12-05 09:28:07', '2013-12-05 09:28:07', NULL, NULL, NULL, 1),
(40, 3, 2, '2013-12-05 09:30:04', '2013-12-05 09:30:04', NULL, NULL, NULL, 1),
(41, 3, 2, '2013-12-05 09:47:01', '2013-12-05 09:47:01', NULL, NULL, 0, 1),
(42, 3, 2, '2013-12-05 09:47:36', '2013-12-05 09:47:36', NULL, NULL, 0, 1),
(43, 3, 2, '2013-12-05 09:50:02', '2013-12-05 09:50:02', NULL, NULL, 0, 1),
(44, 3, 2, '2013-12-05 14:57:43', '2013-12-05 14:57:43', 1, 13, 1, 1),
(45, 3, 2, '2013-12-05 15:10:38', '2013-12-05 15:10:38', 1, 13, 1, 1),
(46, 3, 2, '2013-12-10 10:39:27', '2013-12-10 13:55:18', 4, 10, 1, 0),
(47, 3, 2, '2013-12-10 10:43:26', '2013-12-10 13:52:48', 5, 18, 2, 0),
(48, 3, 2, '2013-12-10 14:00:53', '2013-12-10 15:58:06', 1, 13, 5, 0),
(49, 17, 17, '2013-12-10 14:14:17', '2013-12-10 14:16:17', 2, 15, 5, 0),
(50, 3, 2, '2013-12-10 14:30:50', '2013-12-10 14:30:50', 1, 13, 5, 0),
(51, 17, 17, '2013-12-10 15:46:07', '2013-12-12 11:42:03', 1, 11, 5, 0),
(52, 3, 2, '2013-12-11 09:39:34', '2013-12-11 09:39:34', 3, 3, 5, 0),
(53, 3, 2, '2013-12-11 10:47:49', '2013-12-11 10:47:49', 1, 13, 5, 0),
(54, 3, 2, '2013-12-12 15:07:33', '2013-12-12 15:07:33', 1, 11, 5, 0);

-- --------------------------------------------------------

--
-- Estructura de tabla para la tabla `communication_categories`
--

CREATE TABLE IF NOT EXISTS `communication_categories` (
  `id` int(11) NOT NULL AUTO_INCREMENT,
  `name` varchar(127) DEFAULT NULL,
  `active` int(11) DEFAULT '1',
  `communication_type_id` int(11) DEFAULT NULL,
  PRIMARY KEY (`id`)
) ENGINE=InnoDB  DEFAULT CHARSET=latin1 AUTO_INCREMENT=27 ;

--
-- Volcado de datos para la tabla `communication_categories`
--

INSERT INTO `communication_categories` (`id`, `name`, `active`, `communication_type_id`) VALUES
(1, 'Categoria A', 1, 2),
(2, 'Categoria C', 0, 2),
(3, 'Categoria B', 1, 3),
(4, 'Categoria E', 0, 4),
(5, 'Categoria 1', 1, 3),
(6, 'categoria 2', 1, 3),
(7, 'categoria 6', 1, 4),
(8, 'categoria 7', 1, 2),
(9, 'categoria 8', 1, 3),
(10, 'categoria 9', 1, 4),
(11, 'categoria 10', 1, 1),
(12, 'categoria 11', 1, 3),
(13, 'categoria 12', 1, 1),
(14, 'categoria 13', 1, 1),
(15, 'categoria 14', 1, 2),
(16, 'categoria 15', 1, 2),
(17, 'categoria 16', 1, 3),
(18, 'categoria 17', 1, 5),
(19, 'categoria 18', 1, 1),
(20, 'categoria 19', 0, 2),
(21, 'categoria 20', 1, 3),
(22, 'categoria 21', 1, 4),
(23, 'categoria 22', 1, 3),
(24, 'categoria 23', 1, 2),
(25, 'categoria 10', 1, 1),
(26, 'Prueba Z', 1, 5);

-- --------------------------------------------------------

--
-- Estructura de tabla para la tabla `communication_tokens`
--

CREATE TABLE IF NOT EXISTS `communication_tokens` (
  `id` int(11) NOT NULL AUTO_INCREMENT,
  `communication_id` int(11) DEFAULT NULL,
  `user_id` int(11) DEFAULT NULL,
  PRIMARY KEY (`id`)
) ENGINE=InnoDB  DEFAULT CHARSET=latin1 AUTO_INCREMENT=247 ;

--
-- Volcado de datos para la tabla `communication_tokens`
--

INSERT INTO `communication_tokens` (`id`, `communication_id`, `user_id`) VALUES
(1, 1, 17),
(2, 2, 17),
(3, 3, 17),
(4, 4, 17),
(5, 5, 17),
(6, 6, 17),
(7, 7, 17),
(8, 8, 17),
(9, 9, 17),
(10, 10, 17),
(11, 11, 18),
(12, 11, 19),
(13, 11, 21),
(14, 11, 22),
(15, 11, 24),
(17, 11, 22),
(18, 12, 33),
(19, 11, 33),
(20, 13, 14),
(21, 13, 17),
(23, 14, 14),
(24, 14, 21),
(25, 14, 18),
(26, 14, 19),
(27, 14, 21),
(28, 14, 22),
(29, 14, 24),
(31, 14, 22),
(33, 14, 18),
(34, 14, 19),
(35, 14, 21),
(36, 14, 22),
(37, 14, 24),
(39, 14, 23),
(41, 14, 32),
(42, 14, 18),
(43, 14, 19),
(44, 14, 21),
(45, 14, 22),
(46, 14, 24),
(48, 14, 33),
(50, 14, 33),
(51, 14, 18),
(52, 14, 19),
(53, 14, 21),
(54, 14, 22),
(55, 14, 24),
(57, 14, 33),
(58, 15, 17),
(59, 15, 18),
(60, 15, 19),
(61, 15, 21),
(62, 15, 22),
(63, 15, 24),
(65, 16, 17),
(68, 18, 18),
(69, 18, 19),
(70, 18, 21),
(71, 18, 22),
(72, 18, 24),
(73, 18, 2),
(74, 17, 2),
(76, 19, 17),
(77, 20, 33),
(78, 20, 17),
(79, 15, 33),
(80, 15, 17),
(81, 15, 36),
(82, 14, 33),
(83, 14, 17),
(84, 21, 18),
(85, 21, 19),
(86, 21, 21),
(87, 21, 22),
(88, 21, 24),
(89, 21, 2),
(90, 21, 33),
(92, 21, 18),
(93, 21, 19),
(94, 21, 21),
(95, 21, 22),
(96, 21, 24),
(97, 21, 2),
(98, 22, 18),
(99, 22, 19),
(100, 22, 21),
(101, 22, 22),
(102, 22, 24),
(104, 22, 33),
(105, 22, 17),
(106, 23, 18),
(107, 23, 19),
(108, 23, 21),
(109, 23, 22),
(110, 23, 24),
(112, 23, 33),
(113, 23, 17),
(114, 24, 18),
(115, 24, 19),
(116, 24, 21),
(117, 24, 22),
(118, 24, 24),
(120, 24, 33),
(121, 24, 17),
(123, 25, 19),
(124, 25, 21),
(125, 25, 22),
(126, 25, 24),
(128, 25, 33),
(129, 25, 17),
(133, 26, 21),
(134, 26, 21),
(135, 26, 21),
(136, 25, 36),
(137, 25, 33),
(138, 27, 33),
(140, 27, 21),
(141, 27, 18),
(142, 27, 19),
(143, 27, 21),
(144, 27, 22),
(145, 27, 24),
(146, 27, 2),
(147, 28, 33),
(149, 28, 21),
(150, 29, 33),
(152, 29, 21),
(153, 30, 33),
(155, 30, 33),
(156, 31, 33),
(158, 31, 32),
(159, 31, 36),
(160, 32, 33),
(164, 32, 19),
(166, 32, 22),
(167, 32, 24),
(168, 32, 2),
(169, 32, 18),
(170, 32, 19),
(172, 32, 22),
(173, 32, 24),
(174, 32, 2),
(175, 32, 33),
(176, 32, 17),
(177, 33, 2),
(178, 32, 33),
(179, 32, 17),
(180, 32, 18),
(181, 32, 18),
(182, 32, 19),
(183, 32, 21),
(184, 32, 22),
(185, 32, 24),
(186, 32, 2),
(188, 34, 21),
(190, 35, 21),
(191, 36, 18),
(192, 37, 19),
(193, 37, 38),
(194, 38, 19),
(196, 38, 2),
(197, 39, 33),
(198, 39, 17),
(199, 40, 33),
(200, 40, 17),
(201, 41, 17),
(202, 42, 17),
(203, 43, 17),
(204, 44, 17),
(205, 44, 33),
(206, 44, 36),
(207, 45, 17),
(208, 45, 21),
(209, 45, 22),
(210, 45, 36),
(212, 46, 21),
(213, 46, 22),
(215, 46, 16),
(218, 47, 22),
(220, 47, 23),
(221, 47, 24),
(222, 47, 32),
(223, 48, 33),
(224, 48, 17),
(225, 49, 18),
(226, 49, 19),
(227, 49, 21),
(228, 49, 22),
(229, 49, 24),
(231, 49, 33),
(233, 49, 17),
(234, 49, 33),
(235, 49, 17),
(236, 50, 17),
(238, 52, 17),
(239, 52, 21),
(240, 53, 17),
(241, 53, 21),
(242, 53, 22),
(243, 53, 23),
(244, 51, 17),
(245, 51, 21),
(246, 54, 17);

-- --------------------------------------------------------

--
-- Estructura de tabla para la tabla `communication_types`
--

CREATE TABLE IF NOT EXISTS `communication_types` (
  `id` int(11) NOT NULL AUTO_INCREMENT,
  `name` varchar(127) DEFAULT NULL,
  `active` int(11) DEFAULT '1',
  PRIMARY KEY (`id`)
) ENGINE=InnoDB  DEFAULT CHARSET=latin1 AUTO_INCREMENT=6 ;

--
-- Volcado de datos para la tabla `communication_types`
--

INSERT INTO `communication_types` (`id`, `name`, `active`) VALUES
(1, 'Circular', 1),
(2, 'Memo', 1),
(3, 'Viático Interno', 1),
(4, 'Viático Extranjero ', 1),
(5, 'Invitación', 1);

-- --------------------------------------------------------

--
-- Estructura de tabla para la tabla `communication_views`
--

CREATE TABLE IF NOT EXISTS `communication_views` (
  `id` int(11) NOT NULL AUTO_INCREMENT,
  `communication_id` int(11) NOT NULL DEFAULT '0',
  `user_id` int(11) NOT NULL DEFAULT '0',
  `last_view` datetime DEFAULT NULL,
  PRIMARY KEY (`id`)
) ENGINE=InnoDB  DEFAULT CHARSET=latin1 AUTO_INCREMENT=101 ;

--
-- Volcado de datos para la tabla `communication_views`
--

INSERT INTO `communication_views` (`id`, `communication_id`, `user_id`, `last_view`) VALUES
(1, 1, 2, '2013-11-14 11:23:43'),
(2, 2, 2, '2013-11-14 13:16:38'),
(3, 3, 2, '2013-11-14 13:07:28'),
(4, 4, 2, NULL),
(5, 5, 2, '2013-12-02 16:06:35'),
(6, 5, 17, '2013-11-14 14:31:21'),
(7, 6, 2, '2013-11-14 16:08:00'),
(8, 7, 2, '2013-11-15 08:40:13'),
(9, 8, 2, '2013-11-26 10:29:28'),
(10, 8, 17, '2013-11-15 09:47:45'),
(11, 9, 17, '2013-11-15 12:02:39'),
(12, 10, 17, '2013-11-15 12:07:10'),
(13, 11, 32, NULL),
(14, 11, 33, '2013-11-19 16:21:03'),
(15, 12, 32, NULL),
(16, 12, 33, '2013-11-19 13:44:37'),
(17, 11, 2, '2013-12-02 15:34:53'),
(18, 13, 2, NULL),
(19, 14, 2, '2013-11-29 15:18:13'),
(20, 14, 17, '2013-11-27 14:30:55'),
(21, 14, 33, NULL),
(22, 15, 33, '2013-11-27 14:35:19'),
(23, 15, 2, '2013-11-29 13:13:43'),
(24, 16, 2, '2013-11-29 13:13:40'),
(25, 16, 17, NULL),
(26, 17, 2, NULL),
(27, 18, 2, '2013-11-29 10:04:00'),
(28, 18, 17, '2013-11-29 09:43:45'),
(29, 17, 17, '2013-11-29 10:03:23'),
(30, 19, 17, '2013-11-29 13:06:34'),
(31, 19, 2, '2013-11-29 13:05:57'),
(32, 20, 2, '2013-11-29 13:10:47'),
(33, 20, 17, '2013-11-29 14:13:56'),
(34, 21, 17, '2013-11-29 16:01:28'),
(35, 22, 17, '2013-11-29 17:05:53'),
(36, 22, 2, '2013-11-29 17:05:34'),
(37, 22, 21, NULL),
(38, 21, 2, NULL),
(39, 23, 17, NULL),
(40, 23, 2, '2013-12-02 14:29:28'),
(41, 24, 17, NULL),
(42, 24, 2, '2013-12-02 09:12:16'),
(43, 25, 17, '2013-12-02 09:14:44'),
(44, 25, 2, NULL),
(45, 25, 21, NULL),
(46, 26, 21, '2013-12-02 09:50:36'),
(47, 26, 2, '2013-12-02 10:53:27'),
(48, 26, 18, '2013-12-02 09:58:44'),
(49, 26, 17, '2013-12-02 09:47:38'),
(50, 25, 18, '2013-12-02 10:03:48'),
(51, 27, 2, '2013-12-02 10:11:45'),
(52, 27, 17, NULL),
(53, 28, 2, '2013-12-02 10:42:38'),
(54, 28, 17, NULL),
(55, 29, 2, '2013-12-02 10:19:07'),
(56, 29, 17, NULL),
(57, 30, 2, '2013-12-02 10:42:33'),
(58, 30, 17, NULL),
(59, 31, 2, '2013-12-02 10:42:25'),
(60, 31, 17, NULL),
(61, 32, 2, '2013-12-11 15:48:36'),
(62, 32, 17, '2013-12-02 10:27:54'),
(63, 32, 18, '2013-12-02 13:11:51'),
(64, 32, 21, '2013-12-03 08:54:18'),
(65, 33, 17, '2013-12-02 15:27:08'),
(66, 33, 2, '2013-12-03 08:54:42'),
(67, 34, 21, NULL),
(68, 34, 2, '2013-12-03 09:10:18'),
(69, 35, 21, NULL),
(70, 35, 2, '2013-12-10 14:29:14'),
(71, 36, 2, '2013-12-03 15:56:56'),
(72, 37, 2, '2013-12-04 11:28:45'),
(73, 38, 2, '2013-12-12 17:19:54'),
(74, 38, 38, NULL),
(75, 39, 2, NULL),
(76, 40, 2, NULL),
(77, 41, 2, NULL),
(78, 42, 2, '2013-12-05 10:44:15'),
(79, 43, 2, '2013-12-05 10:44:44'),
(80, 44, 2, NULL),
(81, 45, 2, NULL),
(82, 46, 2, '2013-12-10 14:28:56'),
(83, 47, 2, '2013-12-11 15:48:53'),
(84, 47, 22, NULL),
(85, 46, 22, NULL),
(86, 48, 2, NULL),
(87, 49, 17, '2013-12-10 15:37:10'),
(88, 49, 2, '2013-12-10 14:27:29'),
(89, 50, 2, '2013-12-10 14:31:11'),
(90, 50, 17, '2013-12-10 15:36:42'),
(91, 51, 17, '2013-12-10 15:53:15'),
(92, 51, 2, '2013-12-12 11:41:34'),
(93, 52, 2, '2013-12-12 11:41:25'),
(94, 52, 17, NULL),
(95, 52, 21, NULL),
(96, 53, 2, '2013-12-12 11:41:20'),
(97, 53, 17, '2013-12-11 11:17:01'),
(98, 53, 21, '2013-12-11 11:17:22'),
(99, 53, 22, '2013-12-11 11:25:35'),
(100, 54, 2, '2013-12-12 15:45:38');

-- --------------------------------------------------------

--
-- Estructura de tabla para la tabla `control_views`
--

CREATE TABLE IF NOT EXISTS `control_views` (
  `id` int(11) NOT NULL AUTO_INCREMENT,
  `communication_id` int(11) NOT NULL,
  `sender_user_id` int(11) NOT NULL,
  `receive_user_id` int(11) NOT NULL,
  `created` datetime DEFAULT NULL,
  PRIMARY KEY (`id`)
) ENGINE=InnoDB DEFAULT CHARSET=latin1 COMMENT='Tabla que contiene por las personas que han leido una comunicacion por primera vez y quien lo manda no lo ha abierto' AUTO_INCREMENT=1 ;

-- --------------------------------------------------------

--
-- Estructura de tabla para la tabla `entities`
--

CREATE TABLE IF NOT EXISTS `entities` (
  `id` int(11) NOT NULL AUTO_INCREMENT,
  `name` varchar(255) NOT NULL,
  `description` text NOT NULL,
  `active` int(11) NOT NULL,
  `website` varchar(127) DEFAULT NULL,
  `lft` int(11) NOT NULL,
  `rght` int(11) NOT NULL,
  `parent_id` int(11) NOT NULL,
  PRIMARY KEY (`id`)
) ENGINE=InnoDB  DEFAULT CHARSET=latin1 AUTO_INCREMENT=61 ;

--
-- Volcado de datos para la tabla `entities`
--

INSERT INTO `entities` (`id`, `name`, `description`, `active`, `website`, `lft`, `rght`, `parent_id`) VALUES
(1, 'Entidades', 'nada', 1, NULL, 1, 120, 0),
(2, 'Ministerio de infraestructura', 'destruir calles', 1, NULL, 2, 21, 1),
(3, 'Ministerio de Hacienda', 'haciendas', 1, NULL, 22, 23, 1),
(4, 'Ministerio de Minas', 'las minas', 1, NULL, 24, 67, 1),
(5, 'Despacho de Bienes', 'biens', 1, NULL, 3, 12, 2),
(6, 'Despacho de Obras', 'obras', 1, NULL, 13, 14, 2),
(7, 'Servicios', 'descripcion', 1, NULL, 4, 9, 5),
(8, 'Entidad A', 'descipcion de la entidad A', 1, 'http://www.jehogo.com', 5, 6, 7),
(9, 'Finanzas', 'descripcion de la entidad de finanzas', 1, NULL, 10, 11, 5),
(10, 'Excabacion Maritima', 'descripcion de la excabacion', 1, NULL, 25, 44, 4),
(11, 'sadf', 'asdf sdf', 1, NULL, 26, 35, 10),
(12, 'sdfsdfsdf', 'sfdsdfs fsdf sdf', 1, NULL, 27, 28, 11),
(13, 'fsdfsdf', 'asdfasdfasdf asdf', 1, NULL, 36, 39, 10),
(14, 'ABC', 'sdfs', 1, NULL, 29, 30, 11),
(15, 'AABBCC', 'dsfaf', 1, NULL, 31, 32, 11),
(16, 'La cosa', 'sdf', 1, NULL, 33, 34, 11),
(17, 'La marina', 'asdf', 1, NULL, 40, 41, 10),
(18, 'Hola A', 'asdfasdf', 1, NULL, 42, 43, 10),
(19, 'Excabacion Terrestre', 'asfd', 1, NULL, 45, 60, 4),
(20, 'Division A', 'sdfsdf', 1, NULL, 46, 59, 19),
(21, 'Division A1', 'sdfsadf', 1, NULL, 47, 58, 20),
(22, 'Division A1a', 'sdf', 1, NULL, 48, 57, 21),
(23, 'Division B', 'asdf', 1, NULL, 37, 38, 13),
(24, 'Division n', 'asdf', 1, NULL, 49, 56, 22),
(25, 'Division N1', 'sdf', 1, NULL, 50, 55, 24),
(26, 'Division n1-2', '', 1, NULL, 51, 54, 25),
(27, 'Division N1-2-1', 'sdf', 1, NULL, 52, 53, 26),
(28, 'Excabacion Aerea', 'asdf', 1, NULL, 61, 66, 4),
(29, 'Division 1', 'sdf', 1, NULL, 62, 65, 28),
(30, 'Division 12', 'sdf', 1, NULL, 63, 64, 29),
(31, 'Ministerio de Agricultura', 'sdf', 1, NULL, 68, 69, 1),
(32, 'Ministerio del Deporte', 'sdf', 0, NULL, 70, 87, 1),
(33, 'Ministerio de la Salud', '', 1, NULL, 88, 89, 1),
(34, 'Ministerio de la Calidad de los Ministerios', 'sdf', 1, NULL, 90, 93, 1),
(35, 'Ministerio de la Mujer', 'asd', 0, NULL, 94, 99, 1),
(36, 'Despacho de las cuaimas', 'sdf', 1, NULL, 95, 98, 35),
(37, 'Menores de 16', 'sdf', 1, NULL, 96, 97, 36),
(38, 'Depuracion', 'dfsdf', 1, NULL, 91, 92, 34),
(39, 'Bicicletas', '21zsfd', 1, NULL, 71, 72, 32),
(40, 'Motos', 'asdf', 1, NULL, 73, 74, 32),
(41, 'Natacion', '2131dsf', 1, NULL, 75, 76, 32),
(42, 'Baseball', 'sdf sdf ', 1, NULL, 77, 78, 32),
(43, 'Cayoning', 'adsf asfd', 1, NULL, 79, 80, 32),
(44, 'Nado Sincronizado', 'sdf ', 1, NULL, 81, 82, 32),
(45, 'perol', 'sdf', 1, NULL, 83, 84, 32),
(46, 'ababa', '', 1, NULL, 85, 86, 32),
(47, 'Ministerio A', 'sdf ', 1, NULL, 100, 101, 1),
(48, 'Ministerio B', 'asdf ', 1, NULL, 102, 103, 1),
(49, 'Ministerio C', 'sdf afd', 1, NULL, 104, 105, 1),
(50, 'Ministerio D', 'sdf ', 1, NULL, 106, 109, 1),
(51, 'Ministerio D', 'sfg ', 1, NULL, 110, 115, 1),
(52, 'Ejemplo AA', 'zlkfsdf ', 1, NULL, 7, 8, 7),
(53, 'QWAS', 'asd', 0, NULL, 111, 112, 51),
(54, 'Compota', 'compota', 1, NULL, 113, 114, 51),
(55, 'Compota', 'compota', 1, NULL, 107, 108, 50),
(56, 'Ministerio de Diciembre', 'descripcion de min', 0, NULL, 116, 117, 1),
(57, 'Ministerio de 2013', 'descripcion', 1, NULL, 118, 119, 1),
(58, 'prueba AA', 'sag', 1, NULL, 15, 18, 2),
(59, 'prueba AB', 'asdf', 1, NULL, 16, 17, 58),
(60, 'Entidad P', 'descr', 1, 'http://www.caracas.com', 19, 20, 2);

-- --------------------------------------------------------

--
-- Estructura de tabla para la tabla `formats`
--

CREATE TABLE IF NOT EXISTS `formats` (
  `id` int(11) NOT NULL AUTO_INCREMENT,
  `upload_id` int(11) DEFAULT NULL,
  `communication_type_id` int(11) DEFAULT NULL,
  `communication_category_id` int(11) DEFAULT NULL,
  `name` varchar(127) DEFAULT NULL,
  `visible` int(11) DEFAULT '1',
  `created` datetime DEFAULT NULL,
  `modified` datetime DEFAULT NULL,
  PRIMARY KEY (`id`)
) ENGINE=InnoDB  DEFAULT CHARSET=latin1 AUTO_INCREMENT=10 ;

--
-- Volcado de datos para la tabla `formats`
--

INSERT INTO `formats` (`id`, `upload_id`, `communication_type_id`, `communication_category_id`, `name`, `visible`, `created`, `modified`) VALUES
(1, 83, 1, 13, 'archivo de configuracion', 1, '2013-11-28 11:31:45', '2013-12-10 14:03:51'),
(2, 65, 4, 10, 'Wireframes de algo', 1, '2013-11-28 11:32:38', '2013-11-28 17:07:48'),
(3, 66, 1, 13, 'Formato C', 1, '2013-11-28 14:39:59', '2013-11-28 17:08:01'),
(4, 45, 1, 14, 'Formato C', 1, '2013-11-28 14:42:52', '2013-11-28 17:09:33'),
(5, 67, 1, 13, 'Formato AA', 1, '2013-11-28 14:54:31', '2013-11-28 17:09:44'),
(6, 68, 1, 13, 'Formato AAA', 1, '2013-11-28 14:55:25', '2013-11-28 17:09:58'),
(7, 69, 1, 25, 'Formato AB', 1, '2013-11-28 14:55:31', '2013-11-28 17:10:12'),
(8, 70, 1, 13, 'Formato BB', 1, '2013-11-28 14:56:08', '2013-11-28 17:10:23'),
(9, 63, 5, 18, 'Formato Curso de Espeleo', 0, '2013-11-28 15:17:22', '2013-11-28 17:10:29');

-- --------------------------------------------------------

--
-- Estructura de tabla para la tabla `groups`
--

CREATE TABLE IF NOT EXISTS `groups` (
  `id` int(11) NOT NULL AUTO_INCREMENT,
  `name` varchar(127) DEFAULT NULL,
  `active` int(11) DEFAULT '1',
  PRIMARY KEY (`id`)
) ENGINE=InnoDB  DEFAULT CHARSET=latin1 AUTO_INCREMENT=4 ;

--
-- Volcado de datos para la tabla `groups`
--

INSERT INTO `groups` (`id`, `name`, `active`) VALUES
(1, 'Grupo A1', 1),
(2, 'Grupo B1', 0),
(3, 'Grupo C', 1);

-- --------------------------------------------------------

--
-- Estructura de tabla para la tabla `login_tokens`
--

CREATE TABLE IF NOT EXISTS `login_tokens` (
  `id` int(11) NOT NULL AUTO_INCREMENT,
  `user_id` int(11) NOT NULL,
  `token` char(32) NOT NULL,
  `duration` varchar(32) NOT NULL,
  `used` tinyint(1) NOT NULL DEFAULT '0',
  `created` datetime NOT NULL,
  `expires` datetime NOT NULL,
  PRIMARY KEY (`id`)
) ENGINE=MyISAM  DEFAULT CHARSET=utf8 AUTO_INCREMENT=3 ;

-- --------------------------------------------------------

--
-- Estructura de tabla para la tabla `messages`
--

CREATE TABLE IF NOT EXISTS `messages` (
  `id` int(11) NOT NULL AUTO_INCREMENT,
  `title` varchar(255) NOT NULL,
  `content` text,
  `private` int(11) NOT NULL DEFAULT '0',
  `created` datetime NOT NULL,
  `modified` datetime NOT NULL,
  PRIMARY KEY (`id`)
) ENGINE=InnoDB  DEFAULT CHARSET=latin1 AUTO_INCREMENT=91 ;

--
-- Volcado de datos para la tabla `messages`
--

INSERT INTO `messages` (`id`, `title`, `content`, `private`, `created`, `modified`) VALUES
(1, 'Prueba con categoria', 'cuerpo de la comunicacion con categoria', 0, '2013-11-14 10:36:53', '2013-11-14 10:36:53'),
(2, 'Prueba dos de categoria', 'contenido de la prueba dos', 0, '2013-11-14 12:52:31', '2013-11-14 12:52:31'),
(3, 'Prueba de envio', '', 0, '2013-11-14 13:06:11', '2013-11-14 13:06:11'),
(4, 'Prueba con tags', 'sadf', 0, '2013-11-14 14:21:53', '2013-11-14 14:21:53'),
(5, 'prueba 2 de tag', 'prueba dos de tags en la composicion de la comunicacion', 0, '2013-11-14 14:25:39', '2013-11-14 14:25:39'),
(6, 'prueba de accion', 'prueba de envio de comunicacion con accion', 0, '2013-11-14 15:29:25', '2013-11-14 15:29:25'),
(7, 'prueba de accion final', 'contenido de prueba de todo', 0, '2013-11-14 16:08:41', '2013-11-14 16:08:41'),
(8, 'popopopopop', 'jhjhj', 0, '2013-11-15 08:41:27', '2013-11-15 08:41:27'),
(9, 'prueba con formatos', 'cuerpo&nbsp;', 0, '2013-11-15 12:02:34', '2013-11-15 12:02:34'),
(10, 'Prueba', 'documentos', 0, '2013-11-15 12:07:06', '2013-11-15 12:07:06'),
(11, 'prueba de comunicacion 19 11 13', 'cuerpo de la comunicacion', 0, '2013-11-19 13:30:50', '2013-11-19 13:30:50'),
(12, 'prueba', 'cuerpa', 0, '2013-11-19 13:39:05', '2013-11-19 13:39:05'),
(13, 'prueba de comunicacion 19 11 13', 'dfasdf', 0, '2013-11-19 16:20:29', '2013-11-19 16:20:29'),
(14, 'Aunto del mensaje', 'cuerpo del mensaje', 0, '2013-11-27 13:31:45', '2013-11-27 13:31:45'),
(15, 'prueba de envio con cc', 'enviando test de prueba con cc. para rosa lado y chucho gov. cc test uno', 0, '2013-11-27 13:33:41', '2013-11-27 13:33:41'),
(16, 'prueba de envio con cc', 'respuesta al correo de prueba de envio con cc', 0, '2013-11-27 14:11:00', '2013-11-27 14:11:00'),
(17, 'prueba de envio con cc', 'perol', 0, '2013-11-27 14:13:00', '2013-11-27 14:13:00'),
(18, 'prueba de envio con cc', 'sagfasfg', 0, '2013-11-27 14:16:02', '2013-11-27 14:16:02'),
(19, 'prueba de envio con cc', 'to rosa cc test 11', 0, '2013-11-27 14:19:16', '2013-11-27 14:19:16'),
(20, 'prueba de envio con cc', 'prueba', 0, '2013-11-27 14:27:38', '2013-11-27 14:27:38'),
(21, 'prueba de envio con cc', 'prueba', 0, '2013-11-27 14:28:20', '2013-11-27 14:28:20'),
(22, 'prueba de envio con cc', 'perol', 0, '2013-11-27 14:31:06', '2013-11-27 14:31:06'),
(23, 'prueba de envio cc', 'comjs', 0, '2013-11-27 14:33:39', '2013-11-27 14:33:39'),
(24, 'Prueba de tipo y categoria de correspondencia', 'prueba de esto', 0, '2013-11-27 16:32:41', '2013-11-27 16:32:41'),
(25, 'Prueba de mensaje privado', 'contenido del mensaje privado', 0, '2013-11-29 09:35:03', '2013-11-29 09:35:03'),
(26, 'prueba de mensaje privado 2', 'mensaje privado 2', 1, '2013-11-29 09:36:52', '2013-11-29 09:36:52'),
(27, 'prueba de mensaje privado 2', 'respuesta del mensaje privado', 0, '2013-11-29 09:43:34', '2013-11-29 09:43:34'),
(28, 'Prueba de mensaje privado', 'prueba de respuesta privada', 0, '2013-11-29 10:03:43', '2013-11-29 10:03:43'),
(29, 'prueba de privado', 'prueba de reenvio', 1, '2013-11-29 13:05:05', '2013-11-29 13:05:05'),
(30, 'prueba de privado', 'prueba de respuesta de privado', 1, '2013-11-29 13:06:27', '2013-11-29 13:06:27'),
(31, 'prueba', 'prueba', 0, '2013-11-29 13:06:53', '2013-11-29 13:06:53'),
(32, 'prueba de envio cc', 'wolaaaaa', 0, '2013-11-29 13:13:18', '2013-11-29 13:13:18'),
(33, 'prueba de envio con cc', 'sdfasdf', 0, '2013-11-29 13:22:43', '2013-11-29 13:22:43'),
(34, 'prueba', 'sdsafd', 0, '2013-11-29 14:37:05', '2013-11-29 14:37:05'),
(35, 'prueba', 'aprobada la solicitud', 0, '2013-11-29 16:01:53', '2013-11-29 16:01:53'),
(36, 'prueba de mensaje con aprobacion', 'cuerpo del mensaje con aprobacion, no deberia de poder aprobar quienes le llegan por reenvio', 0, '2013-11-29 16:19:52', '2013-11-29 16:19:52'),
(37, 'prueba de mensaje con aprobacion', 'bla bla', 0, '2013-11-29 17:04:32', '2013-11-29 17:04:32'),
(38, 'pruebaa', 'aprobar', 0, '2013-11-29 17:06:33', '2013-11-29 17:06:33'),
(39, 'pruebaa', 'aprobado', 0, '2013-11-29 17:06:57', '2013-11-29 17:06:57'),
(40, 'prueba', 'prueba para ser aprobado', 0, '2013-11-29 17:14:47', '2013-11-29 17:14:47'),
(41, 'prueba', 'aprobadoo', 0, '2013-11-29 17:15:22', '2013-11-29 17:15:22'),
(42, 'comunicacion para rechazar', 'para rechazar', 0, '2013-12-02 09:13:32', '2013-12-02 09:13:32'),
(43, 'comunicacion para rechazar', 'el motivo por el cual rechazo es el siguiente', 0, '2013-12-02 09:14:20', '2013-12-02 09:14:20'),
(44, 'aprueben y rechacen esto', 'mensaje privado para jesus horacio y rosa con copia para fabian', 1, '2013-12-02 09:16:02', '2013-12-02 09:16:02'),
(45, 'aprueben y rechacen esto', 'aprobando', 0, '2013-12-02 09:17:06', '2013-12-02 09:17:06'),
(46, 'aprueben y rechacen esto', 'rechazando', 0, '2013-12-02 09:48:02', '2013-12-02 09:48:02'),
(47, 'aprueben y rechacen esto', 'yo tambien apruebo', 0, '2013-12-02 09:52:52', '2013-12-02 09:52:52'),
(48, 'comunicacion para rechazar', 'prueba', 0, '2013-12-02 10:04:23', '2013-12-02 10:04:23'),
(49, 'prueba 1234567', 'mensaje', 0, '2013-12-02 10:05:24', '2013-12-02 10:05:24'),
(50, 'prueba 1234567', 'prueba', 0, '2013-12-02 10:06:17', '2013-12-02 10:06:17'),
(51, 'prueba', 'prueba', 0, '2013-12-02 10:12:14', '2013-12-02 10:12:14'),
(52, 'prueba', 'prueba', 0, '2013-12-02 10:12:35', '2013-12-02 10:12:35'),
(53, 'prueba', 'pruebaaaa', 0, '2013-12-02 10:14:11', '2013-12-02 10:14:11'),
(54, 'prueba', 'prueba de envio', 0, '2013-12-02 10:14:46', '2013-12-02 10:14:46'),
(55, 'prueba', 'prueba', 0, '2013-12-02 10:24:18', '2013-12-02 10:24:18'),
(56, 'prueba', 'asdfasdf', 0, '2013-12-02 10:24:33', '2013-12-02 10:24:33'),
(57, 'rechazar esto', 'rechazalo', 0, '2013-12-02 10:25:03', '2013-12-02 10:25:03'),
(58, 'rechazar esto', 'sadfasdf', 0, '2013-12-02 10:25:30', '2013-12-02 10:25:30'),
(59, 'Prueba final de aprobacion y rechazo', 'mensaje no privado', 0, '2013-12-02 10:27:22', '2013-12-02 10:27:22'),
(60, 'Prueba final de aprobacion y rechazo', 'respuesta aprobada', 0, '2013-12-02 10:27:49', '2013-12-02 10:27:49'),
(61, 'Prueba final de aprobacion y rechazo', 'rechazado', 0, '2013-12-02 10:28:31', '2013-12-02 10:28:31'),
(62, 'prueba con adjunto', 'prueba de correo con adjunto', 1, '2013-12-02 15:00:20', '2013-12-02 15:00:20'),
(63, 'Prueba final de aprobacion y rechazo', 'pruebjasfkh', 0, '2013-12-03 08:54:36', '2013-12-03 08:54:36'),
(64, 'apruebalo', 'aprueba esto para una prueba', 1, '2013-12-03 09:09:36', '2013-12-03 09:09:36'),
(65, 'apruebalo', 'aprobando', 0, '2013-12-03 09:09:55', '2013-12-03 09:09:55'),
(66, 'apruebalo de nuevo', 'sadfsdf', 1, '2013-12-03 09:10:44', '2013-12-03 09:10:44'),
(67, 'apruebalo de nuevo', '', 0, '2013-12-03 09:10:55', '2013-12-03 09:10:55'),
(68, 'prueba', 'afasdf', 1, '2013-12-03 15:56:53', '2013-12-03 15:56:53'),
(69, 'Prueba de envio a un grupo', 'prueba de envio a grupo', 0, '2013-12-04 11:13:58', '2013-12-04 11:13:58'),
(70, 'Prueba de envio para un grupo', 'mensaje para el grupo 1, no privado con tres etiquetas, sin cc y no requiere de aprobacion, sino de dar respuesta', 0, '2013-12-04 11:41:04', '2013-12-04 11:41:04'),
(71, 'Prueba de envio para un grupo', 'respondiendo la prueba de envio para grupo con un adjunto y privado', 1, '2013-12-04 11:43:13', '2013-12-04 11:43:13'),
(72, 'Prueba de Maria', '', 0, '2013-12-05 09:28:07', '2013-12-05 09:28:07'),
(73, 'prueba de maria 2', '', 0, '2013-12-05 09:30:04', '2013-12-05 09:30:04'),
(74, 'prueba maria 3', '', 1, '2013-12-05 09:47:01', '2013-12-05 09:47:01'),
(75, 'prueba maria 4', '', 1, '2013-12-05 09:47:36', '2013-12-05 09:47:36'),
(76, 'prueba maria 5', '', 1, '2013-12-05 09:50:03', '2013-12-05 09:50:03'),
(77, 'Asunto de Maria', 'prueba de mensaje para maria', 1, '2013-12-05 14:57:43', '2013-12-05 14:57:43'),
(78, 'prueba', 'contenifo', 1, '2013-12-05 15:10:38', '2013-12-05 15:10:38'),
(79, 'Enviando ya el borrador con adjuntos', 'mensaje privado tipo borrador<div>enviandoooo</div>', 1, '2013-12-10 10:39:27', '2013-12-10 13:55:19'),
(80, 'Cambiando el titulo a la comunicacion ', 'prueba de borrador privadox<div style="text-align: center;"><b>en el centro</b></div><div style="text-align: center;"><b><br></b></div><div style="text-align: right;"><b><font color="#16a765">Con color verde</font></b></div><div style="text-align: right;"><b><font color="#16a765"><br></font></b></div><div style="text-align: left;"><b>agregue a test4</b>&nbsp;</div>', 1, '2013-12-10 10:43:26', '2013-12-10 13:52:48'),
(81, 'enviando para el borrador', 'prunmadg', 0, '2013-12-10 14:00:53', '2013-12-10 15:58:06'),
(82, 'para horacio', 'no deberia llegarme a mi misma', 0, '2013-12-10 14:14:18', '2013-12-10 14:14:18'),
(83, 'para horacio', 'toma rosa', 0, '2013-12-10 14:15:04', '2013-12-10 14:15:04'),
(84, 'para horacio', 'toma rosaa', 0, '2013-12-10 14:16:17', '2013-12-10 14:16:17'),
(85, 'Rosa esto es tuyo', 'De horacio para rosa', 1, '2013-12-10 14:30:50', '2013-12-10 14:30:50'),
(86, 'probando una vaina', 'cuerpo de la comunicacion', 1, '2013-12-10 15:46:07', '2013-12-10 15:46:07'),
(87, 'prueba de envio ', 'prubeaas', 1, '2013-12-11 09:39:34', '2013-12-11 09:39:34'),
(88, 'Mensaje de prueba para el marcado de visto', 'mensaje de prueba', 1, '2013-12-11 10:47:49', '2013-12-11 10:47:49'),
(89, 'probando una vaina', 'respondiendox', 1, '2013-12-12 11:42:03', '2013-12-12 11:42:03'),
(90, 'prueba', 'fhjgfjh', 1, '2013-12-12 15:07:33', '2013-12-12 15:07:33');

-- --------------------------------------------------------

--
-- Estructura de tabla para la tabla `redirections`
--

CREATE TABLE IF NOT EXISTS `redirections` (
  `id` int(11) NOT NULL AUTO_INCREMENT,
  `from_user_id` int(11) NOT NULL,
  `to_user_id` int(11) NOT NULL,
  PRIMARY KEY (`id`)
) ENGINE=InnoDB  DEFAULT CHARSET=latin1 AUTO_INCREMENT=82 ;

--
-- Volcado de datos para la tabla `redirections`
--

INSERT INTO `redirections` (`id`, `from_user_id`, `to_user_id`) VALUES
(73, 2, 18),
(74, 2, 19),
(75, 2, 21),
(76, 2, 22),
(78, 2, 24),
(79, 17, 33),
(80, 2, 17),
(81, 17, 2);

-- --------------------------------------------------------

--
-- Estructura de tabla para la tabla `tags`
--

CREATE TABLE IF NOT EXISTS `tags` (
  `id` int(11) NOT NULL AUTO_INCREMENT,
  `name` varchar(127) NOT NULL,
  `communication_id` int(11) NOT NULL,
  `user_id` int(11) NOT NULL,
  `created` datetime NOT NULL,
  `modified` datetime NOT NULL,
  PRIMARY KEY (`id`)
) ENGINE=InnoDB  DEFAULT CHARSET=latin1 AUTO_INCREMENT=85 ;

--
-- Volcado de datos para la tabla `tags`
--

INSERT INTO `tags` (`id`, `name`, `communication_id`, `user_id`, `created`, `modified`) VALUES
(1, 'etiqueta1', 1, 2, '2013-11-14 10:55:20', '2013-11-14 10:55:20'),
(2, 'tag2', 4, 2, '2013-11-14 14:21:53', '2013-11-14 14:21:53'),
(3, 'tag1', 4, 2, '2013-11-14 14:21:53', '2013-11-14 14:21:53'),
(4, 'deb', 5, 2, '2013-11-14 14:25:39', '2013-11-14 14:25:39'),
(5, 'abc', 5, 2, '2013-11-14 14:25:39', '2013-11-14 14:25:39'),
(6, 'casa', 5, 17, '2013-11-14 14:31:13', '2013-11-14 14:31:13'),
(7, 'etiqueta a', 7, 2, '2013-11-14 16:08:41', '2013-11-14 16:08:41'),
(8, 'test', 11, 32, '2013-11-19 13:30:50', '2013-11-19 13:30:50'),
(9, 'prueba', 11, 32, '2013-11-19 13:30:50', '2013-11-19 13:30:50'),
(10, 'prueba', 12, 32, '2013-11-19 13:39:05', '2013-11-19 13:39:05'),
(11, 'perol', 5, 2, '2013-11-26 10:24:52', '2013-11-26 10:24:52'),
(12, 'casas', 5, 2, '2013-11-26 10:24:55', '2013-11-26 10:24:55'),
(13, 'cac', 5, 2, '2013-11-26 10:24:58', '2013-11-26 10:24:58'),
(14, 'edificio', 5, 2, '2013-11-26 10:25:11', '2013-11-26 10:25:11'),
(15, 'paralelepidedo', 5, 2, '2013-11-26 10:25:16', '2013-11-26 10:25:16'),
(16, 'cuadrado', 5, 2, '2013-11-26 10:25:20', '2013-11-26 10:25:20'),
(17, 'perolllsdfasdf', 5, 2, '2013-11-26 10:27:41', '2013-11-26 10:27:41'),
(18, 'fasdfasdf', 5, 2, '2013-11-26 10:27:44', '2013-11-26 10:27:44'),
(19, 'sadfasdf', 5, 2, '2013-11-26 10:27:45', '2013-11-26 10:27:45'),
(20, 'asdfasdfasdfasdf', 5, 2, '2013-11-26 10:27:48', '2013-11-26 10:27:48'),
(21, 'sdfasdfasdf', 5, 2, '2013-11-26 10:27:49', '2013-11-26 10:27:49'),
(22, 'etiqueta a', 13, 2, '2013-11-27 13:31:45', '2013-11-27 13:31:45'),
(23, 'prueba', 14, 2, '2013-11-27 13:33:41', '2013-11-27 13:33:41'),
(24, 'prueba', 15, 33, '2013-11-27 14:33:39', '2013-11-27 14:33:39'),
(25, 'prueba', 16, 2, '2013-11-27 16:32:41', '2013-11-27 16:32:41'),
(26, 'pru', 19, 17, '2013-11-29 13:05:05', '2013-11-29 13:05:05'),
(27, 'privado', 19, 17, '2013-11-29 13:05:05', '2013-11-29 13:05:05'),
(28, 'prueba', 19, 17, '2013-11-29 13:05:05', '2013-11-29 13:05:05'),
(29, 'aprobacion', 22, 17, '2013-11-29 16:19:52', '2013-11-29 16:19:52'),
(30, 'prueba', 22, 17, '2013-11-29 16:19:52', '2013-11-29 16:19:52'),
(31, 'prueba', 23, 17, '2013-11-29 17:06:33', '2013-11-29 17:06:33'),
(32, 'prueba', 24, 17, '2013-11-29 17:14:47', '2013-11-29 17:14:47'),
(33, 'prueba', 32, 2, '2013-12-02 10:27:22', '2013-12-02 10:27:22'),
(34, 'casa', 5, 2, '2013-12-02 15:59:37', '2013-12-02 15:59:37'),
(35, 'edif', 5, 2, '2013-12-02 15:59:45', '2013-12-02 15:59:45'),
(36, 'prasd', 5, 2, '2013-12-02 16:00:58', '2013-12-02 16:00:58'),
(37, 'pes', 32, 2, '2013-12-02 16:09:09', '2013-12-02 16:09:09'),
(38, 'ca', 32, 2, '2013-12-02 16:09:13', '2013-12-02 16:09:13'),
(39, 'cac', 32, 2, '2013-12-02 16:09:13', '2013-12-02 16:09:13'),
(41, 'casa', 32, 2, '2013-12-02 16:09:16', '2013-12-02 16:09:16'),
(42, 'mesa', 32, 2, '2013-12-02 16:09:19', '2013-12-02 16:09:19'),
(43, 'pepito', 32, 2, '2013-12-02 16:09:24', '2013-12-02 16:09:24'),
(47, 'edificio', 32, 2, '2013-12-02 16:28:26', '2013-12-02 16:28:26'),
(49, 'casas', 32, 2, '2013-12-02 16:54:27', '2013-12-02 16:54:27'),
(50, 'perol', 32, 2, '2013-12-02 16:54:29', '2013-12-02 16:54:29'),
(51, 'perolito', 32, 2, '2013-12-03 08:55:56', '2013-12-03 08:55:56'),
(52, 'abc', 32, 2, '2013-12-03 08:56:02', '2013-12-03 08:56:02'),
(53, 'aa', 32, 2, '2013-12-03 08:56:07', '2013-12-03 08:56:07'),
(54, 'sfdasdf', 32, 2, '2013-12-03 08:56:08', '2013-12-03 08:56:08'),
(55, 'prueba', 37, 2, '2013-12-04 11:15:34', '2013-12-04 11:15:34'),
(56, 'casasass', 37, 2, '2013-12-04 11:28:50', '2013-12-04 11:28:50'),
(57, 'casa', 38, 2, '2013-12-04 11:41:04', '2013-12-04 11:41:04'),
(58, 'grupo', 38, 2, '2013-12-04 11:41:04', '2013-12-04 11:41:04'),
(59, 'prueba', 38, 2, '2013-12-04 11:41:04', '2013-12-04 11:41:04'),
(60, 'prueba', 44, 2, '2013-12-05 14:57:43', '2013-12-05 14:57:43'),
(61, 'maria', 44, 2, '2013-12-05 14:57:43', '2013-12-05 14:57:43'),
(62, 'prueba', 45, 2, '2013-12-05 15:10:39', '2013-12-05 15:10:39'),
(63, 'maria', 45, 2, '2013-12-05 15:10:39', '2013-12-05 15:10:39'),
(65, 'prueba', 46, 2, '2013-12-10 10:39:27', '2013-12-10 10:39:27'),
(67, 'prueba', 47, 2, '2013-12-10 10:43:26', '2013-12-10 10:43:26'),
(68, 'borrador', 47, 2, '2013-12-10 10:43:26', '2013-12-10 10:43:26'),
(71, 'nueva', 47, 2, '2013-12-10 13:06:07', '2013-12-10 13:06:07'),
(72, 'peol', 47, 2, '2013-12-10 13:06:33', '2013-12-10 13:06:33'),
(73, 'cachamai', 47, 2, '2013-12-10 13:07:20', '2013-12-10 13:07:20'),
(74, 'nueva', 46, 2, '2013-12-10 13:55:10', '2013-12-10 13:55:10'),
(75, 'prueba', 49, 17, '2013-12-10 14:14:18', '2013-12-10 14:14:18'),
(76, 'prueba', 50, 2, '2013-12-10 14:30:50', '2013-12-10 14:30:50'),
(77, 'prueba', 51, 17, '2013-12-10 15:46:07', '2013-12-10 15:46:07'),
(78, 'prueba', 48, 2, '2013-12-10 15:58:04', '2013-12-10 15:58:04'),
(79, 'pea', 45, 2, '2013-12-10 16:01:38', '2013-12-10 16:01:38'),
(80, 'paralelepidedo', 45, 2, '2013-12-10 16:06:37', '2013-12-10 16:06:37'),
(81, 'prueba', 52, 2, '2013-12-11 09:39:34', '2013-12-11 09:39:34'),
(82, 'prueba', 53, 2, '2013-12-11 10:47:49', '2013-12-11 10:47:49'),
(83, 'privado', 32, 2, '2013-12-11 15:48:43', '2013-12-11 15:48:43'),
(84, 'prueba', 54, 2, '2013-12-12 15:07:33', '2013-12-12 15:07:33');

-- --------------------------------------------------------

--
-- Estructura de tabla para la tabla `traces`
--

CREATE TABLE IF NOT EXISTS `traces` (
  `id` int(11) NOT NULL AUTO_INCREMENT COMMENT '0 si es to, 1 si es cc',
  `communication_id` int(11) NOT NULL,
  `message_id` int(11) NOT NULL,
  `sender_user_id` int(11) NOT NULL,
  `receive_user_id` int(11) NOT NULL,
  `sender_entity_id` int(11) NOT NULL,
  `receive_entity_id` int(11) NOT NULL,
  `read` int(11) NOT NULL DEFAULT '0',
  `read_datatime` datetime DEFAULT NULL,
  `created` datetime NOT NULL,
  `modified` datetime NOT NULL,
  `type_delivery` int(11) NOT NULL DEFAULT '0' COMMENT '0 to, 1 cc, 2 cco',
  `requires_approval` int(11) DEFAULT '0',
  `approval` int(11) DEFAULT '0' COMMENT '-1 rechazado 1 aprobado',
  PRIMARY KEY (`id`)
) ENGINE=InnoDB  DEFAULT CHARSET=latin1 AUTO_INCREMENT=247 ;

--
-- Volcado de datos para la tabla `traces`
--

INSERT INTO `traces` (`id`, `communication_id`, `message_id`, `sender_user_id`, `receive_user_id`, `sender_entity_id`, `receive_entity_id`, `read`, `read_datatime`, `created`, `modified`, `type_delivery`, `requires_approval`, `approval`) VALUES
(1, 1, 1, 2, 17, 3, 17, 0, NULL, '2013-11-14 10:36:53', '2013-11-14 10:36:53', 0, 0, 0),
(2, 2, 2, 2, 17, 3, 17, 0, NULL, '2013-11-14 12:52:31', '2013-11-14 12:52:31', 0, 0, 0),
(3, 3, 3, 2, 17, 3, 17, 0, NULL, '2013-11-14 13:06:11', '2013-11-14 13:06:11', 0, 0, 0),
(4, 4, 4, 2, 17, 3, 17, 0, NULL, '2013-11-14 14:21:53', '2013-11-14 14:21:53', 0, 0, 0),
(5, 5, 5, 2, 17, 3, 17, 1, '2013-11-14 14:31:21', '2013-11-14 14:25:39', '2013-11-14 14:25:39', 0, 0, 0),
(6, 6, 6, 2, 17, 3, 17, 0, NULL, '2013-11-14 15:29:25', '2013-11-14 15:29:25', 0, 0, 0),
(7, 7, 7, 2, 17, 3, 17, 0, NULL, '2013-11-14 16:08:41', '2013-11-14 16:08:41', 0, 0, 0),
(8, 8, 8, 2, 17, 3, 17, 1, '2013-11-15 09:47:45', '2013-11-15 08:41:27', '2013-11-15 08:41:27', 0, 0, 0),
(9, 9, 9, 17, 17, 17, 17, 1, '2013-11-15 12:02:39', '2013-11-15 12:02:34', '2013-11-15 12:02:34', 0, 0, 0),
(10, 10, 10, 17, 17, 17, 17, 1, '2013-11-15 12:07:10', '2013-11-15 12:07:06', '2013-11-15 12:07:06', 0, 0, 0),
(11, 11, 11, 32, 2, 9, 3, 1, '2013-12-02 15:34:53', '2013-11-19 13:30:50', '2013-11-19 13:30:50', 0, 0, 0),
(12, 11, 11, 32, 18, 9, 6, 0, NULL, '2013-11-19 13:30:50', '2013-11-19 13:30:50', 0, 0, 0),
(13, 11, 11, 32, 19, 9, 8, 0, NULL, '2013-11-19 13:30:50', '2013-11-19 13:30:50', 0, 0, 0),
(14, 11, 11, 32, 21, 9, 8, 0, NULL, '2013-11-19 13:30:50', '2013-11-19 13:30:50', 0, 0, 0),
(15, 11, 11, 32, 22, 9, 3, 0, NULL, '2013-11-19 13:30:50', '2013-11-19 13:30:50', 0, 0, 0),
(16, 11, 11, 32, 24, 9, 6, 0, NULL, '2013-11-19 13:30:50', '2013-11-19 13:30:50', 0, 0, 0),
(17, 11, 11, 32, 22, 9, 3, 0, NULL, '2013-11-19 13:30:50', '2013-11-19 13:30:50', 0, 0, 0),
(18, 12, 12, 32, 33, 9, 6, 1, '2013-11-19 13:44:37', '2013-11-19 13:39:05', '2013-11-19 13:39:05', 0, 0, 0),
(19, 11, 13, 2, 33, 3, 6, 1, '2013-11-19 16:21:03', '2013-11-19 16:20:29', '2013-11-19 16:20:29', 0, 0, 0),
(20, 13, 14, 2, 14, 3, 38, 0, NULL, '2013-11-27 13:31:45', '2013-11-27 13:31:45', 1, 0, 0),
(21, 13, 14, 2, 17, 3, 17, 0, NULL, '2013-11-27 13:31:45', '2013-11-27 13:31:45', 1, 0, 0),
(22, 14, 15, 2, 17, 3, 17, 1, '2013-11-27 14:30:55', '2013-11-27 13:33:41', '2013-11-27 13:33:41', 0, 0, 0),
(23, 14, 15, 2, 14, 3, 38, 0, NULL, '2013-11-27 13:33:41', '2013-11-27 13:33:41', 0, 0, 0),
(24, 14, 15, 2, 21, 3, 8, 0, NULL, '2013-11-27 13:33:41', '2013-11-27 13:33:41', 1, 0, 0),
(25, 14, 16, 17, 2, 17, 3, 1, '2013-11-29 15:18:13', '2013-11-27 14:11:01', '2013-11-27 14:11:01', 0, 0, 0),
(26, 14, 16, 17, 18, 17, 6, 0, NULL, '2013-11-27 14:11:01', '2013-11-27 14:11:01', 0, 0, 0),
(27, 14, 16, 17, 19, 17, 8, 0, NULL, '2013-11-27 14:11:01', '2013-11-27 14:11:01', 0, 0, 0),
(28, 14, 16, 17, 21, 17, 8, 0, NULL, '2013-11-27 14:11:01', '2013-11-27 14:11:01', 0, 0, 0),
(29, 14, 16, 17, 22, 17, 3, 0, NULL, '2013-11-27 14:11:01', '2013-11-27 14:11:01', 0, 0, 0),
(30, 14, 16, 17, 24, 17, 6, 0, NULL, '2013-11-27 14:11:01', '2013-11-27 14:11:01', 0, 0, 0),
(31, 14, 16, 17, 22, 17, 3, 0, NULL, '2013-11-27 14:11:01', '2013-11-27 14:11:01', 1, 0, 0),
(32, 14, 17, 2, 17, 3, 17, 1, '2013-11-27 14:30:55', '2013-11-27 14:13:00', '2013-11-27 14:13:00', 1, 0, 0),
(33, 14, 18, 17, 2, 17, 3, 1, '2013-11-29 15:18:13', '2013-11-27 14:16:02', '2013-11-27 14:16:02', 0, 0, 0),
(34, 14, 18, 17, 18, 17, 6, 0, NULL, '2013-11-27 14:16:02', '2013-11-27 14:16:02', 0, 0, 0),
(35, 14, 18, 17, 19, 17, 8, 0, NULL, '2013-11-27 14:16:02', '2013-11-27 14:16:02', 0, 0, 0),
(36, 14, 18, 17, 21, 17, 8, 0, NULL, '2013-11-27 14:16:02', '2013-11-27 14:16:02', 0, 0, 0),
(37, 14, 18, 17, 22, 17, 3, 0, NULL, '2013-11-27 14:16:02', '2013-11-27 14:16:02', 0, 0, 0),
(38, 14, 18, 17, 24, 17, 6, 0, NULL, '2013-11-27 14:16:02', '2013-11-27 14:16:02', 0, 0, 0),
(39, 14, 18, 17, 23, 17, 9, 0, NULL, '2013-11-27 14:16:02', '2013-11-27 14:16:02', 1, 0, 0),
(40, 14, 19, 2, 17, 3, 17, 1, '2013-11-27 14:30:55', '2013-11-27 14:19:17', '2013-11-27 14:19:17', 0, 0, 0),
(41, 14, 19, 2, 32, 3, 9, 0, NULL, '2013-11-27 14:19:17', '2013-11-27 14:19:17', 1, 0, 0),
(42, 14, 20, 17, 2, 17, 3, 1, '2013-11-29 15:18:13', '2013-11-27 14:27:38', '2013-11-27 14:27:38', 0, 0, 0),
(43, 14, 20, 17, 18, 17, 6, 0, NULL, '2013-11-27 14:27:39', '2013-11-27 14:27:39', 0, 0, 0),
(44, 14, 20, 17, 19, 17, 8, 0, NULL, '2013-11-27 14:27:39', '2013-11-27 14:27:39', 0, 0, 0),
(45, 14, 20, 17, 21, 17, 8, 0, NULL, '2013-11-27 14:27:39', '2013-11-27 14:27:39', 0, 0, 0),
(46, 14, 20, 17, 22, 17, 3, 0, NULL, '2013-11-27 14:27:39', '2013-11-27 14:27:39', 0, 0, 0),
(47, 14, 20, 17, 24, 17, 6, 0, NULL, '2013-11-27 14:27:39', '2013-11-27 14:27:39', 0, 0, 0),
(48, 14, 20, 17, 33, 17, 6, 1, '2013-11-27 14:32:27', '2013-11-27 14:27:39', '2013-11-27 14:27:39', 1, 0, 0),
(49, 14, 21, 2, 17, 3, 17, 1, '2013-11-27 14:30:55', '2013-11-27 14:28:20', '2013-11-27 14:28:20', 0, 0, 0),
(50, 14, 21, 2, 33, 3, 6, 1, '2013-11-27 14:32:27', '2013-11-27 14:28:20', '2013-11-27 14:28:20', 1, 0, 0),
(51, 14, 22, 17, 2, 17, 3, 1, '2013-11-29 15:18:13', '2013-11-27 14:31:06', '2013-11-27 14:31:06', 0, 0, 0),
(52, 14, 22, 17, 18, 17, 6, 0, NULL, '2013-11-27 14:31:06', '2013-11-27 14:31:06', 0, 0, 0),
(53, 14, 22, 17, 19, 17, 8, 0, NULL, '2013-11-27 14:31:06', '2013-11-27 14:31:06', 0, 0, 0),
(54, 14, 22, 17, 21, 17, 8, 0, NULL, '2013-11-27 14:31:06', '2013-11-27 14:31:06', 0, 0, 0),
(55, 14, 22, 17, 22, 17, 3, 0, NULL, '2013-11-27 14:31:06', '2013-11-27 14:31:06', 0, 0, 0),
(56, 14, 22, 17, 24, 17, 6, 0, NULL, '2013-11-27 14:31:06', '2013-11-27 14:31:06', 0, 0, 0),
(57, 14, 22, 17, 33, 17, 6, 1, '2013-11-27 14:32:27', '2013-11-27 14:31:06', '2013-11-27 14:31:06', 1, 0, 0),
(58, 15, 23, 33, 17, 6, 17, 0, NULL, '2013-11-27 14:33:39', '2013-11-27 14:33:39', 0, 0, 0),
(59, 15, 23, 33, 2, 6, 3, 1, '2013-11-29 13:13:43', '2013-11-27 14:33:39', '2013-11-27 14:33:39', 1, 0, 0),
(60, 15, 23, 33, 18, 6, 6, 0, NULL, '2013-11-27 14:33:39', '2013-11-27 14:33:39', 1, 0, 0),
(61, 15, 23, 33, 19, 6, 8, 0, NULL, '2013-11-27 14:33:39', '2013-11-27 14:33:39', 1, 0, 0),
(62, 15, 23, 33, 21, 6, 8, 0, NULL, '2013-11-27 14:33:39', '2013-11-27 14:33:39', 1, 0, 0),
(63, 15, 23, 33, 22, 6, 3, 0, NULL, '2013-11-27 14:33:39', '2013-11-27 14:33:39', 1, 0, 0),
(64, 15, 23, 33, 24, 6, 6, 0, NULL, '2013-11-27 14:33:39', '2013-11-27 14:33:39', 1, 0, 0),
(65, 16, 24, 2, 17, 3, 17, 1, '2013-11-27 16:32:58', '2013-11-27 16:32:41', '2013-11-27 16:32:41', 0, 0, 0),
(66, 17, 25, 2, 17, 3, 17, 1, '2013-11-29 10:03:23', '2013-11-29 09:35:03', '2013-11-29 09:35:03', 0, 0, 0),
(67, 18, 26, 2, 17, 3, 17, 1, '2013-11-29 09:43:45', '2013-11-29 09:36:52', '2013-11-29 09:36:52', 0, 0, 0),
(68, 18, 27, 17, 2, 17, 3, 1, '2013-11-29 10:04:00', '2013-11-29 09:43:34', '2013-11-29 09:43:34', 0, 0, 0),
(69, 18, 27, 17, 18, 17, 6, 0, NULL, '2013-11-29 09:43:34', '2013-11-29 09:43:34', 0, 0, 0),
(70, 18, 27, 17, 19, 17, 8, 0, NULL, '2013-11-29 09:43:34', '2013-11-29 09:43:34', 0, 0, 0),
(71, 18, 27, 17, 21, 17, 8, 0, NULL, '2013-11-29 09:43:34', '2013-11-29 09:43:34', 0, 0, 0),
(72, 18, 27, 17, 22, 17, 3, 0, NULL, '2013-11-29 09:43:34', '2013-11-29 09:43:34', 0, 0, 0),
(73, 18, 27, 17, 24, 17, 6, 0, NULL, '2013-11-29 09:43:34', '2013-11-29 09:43:34', 0, 0, 0),
(74, 17, 28, 17, 2, 17, 3, 0, NULL, '2013-11-29 10:03:43', '2013-11-29 10:03:43', 0, 0, 0),
(75, 19, 29, 17, 2, 17, 3, 1, '2013-11-29 13:05:57', '2013-11-29 13:05:05', '2013-11-29 13:05:05', 0, 0, 0),
(76, 19, 30, 2, 17, 3, 17, 1, '2013-11-29 13:06:34', '2013-11-29 13:06:27', '2013-11-29 13:06:27', 0, 0, 0),
(77, 20, 31, 2, 17, 3, 17, 1, '2013-11-29 14:13:56', '2013-11-29 13:06:53', '2013-11-29 13:06:53', 0, 0, 0),
(78, 20, 31, 2, 33, 3, 6, 0, NULL, '2013-11-29 13:06:53', '2013-11-29 13:06:53', 0, 0, 0),
(79, 15, 32, 2, 17, 3, 17, 0, NULL, '2013-11-29 13:13:18', '2013-11-29 13:13:18', 0, 0, 0),
(80, 15, 32, 2, 33, 3, 6, 0, NULL, '2013-11-29 13:13:18', '2013-11-29 13:13:18', 0, 0, 0),
(81, 15, 32, 2, 36, 3, 54, 0, NULL, '2013-11-29 13:13:18', '2013-11-29 13:13:18', 1, 0, 0),
(82, 14, 33, 2, 17, 3, 17, 0, NULL, '2013-11-29 13:22:44', '2013-11-29 13:22:44', 0, 0, 0),
(83, 14, 33, 2, 33, 3, 6, 0, NULL, '2013-11-29 13:22:44', '2013-11-29 13:22:44', 0, 0, 0),
(84, 21, 34, 17, 2, 17, 3, 1, '2013-11-29 17:05:23', '2013-11-29 14:37:05', '2013-11-29 14:37:05', 0, 0, 0),
(85, 21, 34, 17, 18, 17, 6, 0, NULL, '2013-11-29 14:37:05', '2013-11-29 14:37:05', 0, 0, 0),
(86, 21, 34, 17, 19, 17, 8, 0, NULL, '2013-11-29 14:37:05', '2013-11-29 14:37:05', 0, 0, 0),
(87, 21, 34, 17, 21, 17, 8, 0, NULL, '2013-11-29 14:37:05', '2013-11-29 14:37:05', 0, 0, 0),
(88, 21, 34, 17, 22, 17, 3, 0, NULL, '2013-11-29 14:37:05', '2013-11-29 14:37:05', 0, 0, 0),
(89, 21, 34, 17, 24, 17, 6, 0, NULL, '2013-11-29 14:37:05', '2013-11-29 14:37:05', 0, 0, 0),
(90, 21, 34, 17, 17, 17, 17, 1, '2013-11-29 16:01:28', '2013-11-29 14:37:05', '2013-11-29 14:37:05', 1, 0, 0),
(91, 21, 34, 17, 33, 17, 6, 0, NULL, '2013-11-29 14:37:05', '2013-11-29 14:37:05', 1, 0, 0),
(92, 21, 35, 17, 2, 17, 3, 1, '2013-11-29 17:05:23', '2013-11-29 16:01:53', '2013-11-29 16:01:53', 0, 0, 1),
(93, 21, 35, 17, 18, 17, 6, 0, NULL, '2013-11-29 16:01:53', '2013-11-29 16:01:53', 0, 0, 1),
(94, 21, 35, 17, 19, 17, 8, 0, NULL, '2013-11-29 16:01:53', '2013-11-29 16:01:53', 0, 0, 1),
(95, 21, 35, 17, 21, 17, 8, 0, NULL, '2013-11-29 16:01:53', '2013-11-29 16:01:53', 0, 0, 1),
(96, 21, 35, 17, 22, 17, 3, 0, NULL, '2013-11-29 16:01:53', '2013-11-29 16:01:53', 0, 0, 1),
(97, 21, 35, 17, 24, 17, 6, 0, NULL, '2013-11-29 16:01:53', '2013-11-29 16:01:53', 0, 0, 1),
(98, 22, 36, 17, 2, 17, 3, 1, '2013-11-29 17:05:34', '2013-11-29 16:19:52', '2013-11-29 16:19:52', 0, 1, 0),
(99, 22, 36, 17, 18, 17, 6, 0, NULL, '2013-11-29 16:19:52', '2013-11-29 16:19:52', 0, 0, 0),
(100, 22, 36, 17, 19, 17, 8, 0, NULL, '2013-11-29 16:19:52', '2013-11-29 16:19:52', 0, 0, 0),
(101, 22, 36, 17, 21, 17, 8, 1, '2013-11-29 16:59:25', '2013-11-29 16:19:52', '2013-11-29 16:19:52', 0, 0, 0),
(102, 22, 36, 17, 22, 17, 3, 0, NULL, '2013-11-29 16:19:52', '2013-11-29 16:19:52', 0, 0, 0),
(103, 22, 36, 17, 24, 17, 6, 0, NULL, '2013-11-29 16:19:52', '2013-11-29 16:19:52', 0, 0, 0),
(104, 22, 37, 2, 17, 3, 17, 1, '2013-11-29 17:05:53', '2013-11-29 17:04:32', '2013-11-29 17:04:32', 0, 0, 1),
(105, 22, 37, 2, 33, 3, 6, 0, NULL, '2013-11-29 17:04:32', '2013-11-29 17:04:32', 0, 0, 1),
(106, 23, 38, 17, 2, 17, 3, 1, '2013-12-02 14:29:28', '2013-11-29 17:06:33', '2013-11-29 17:06:33', 0, 1, 0),
(107, 23, 38, 17, 18, 17, 6, 0, NULL, '2013-11-29 17:06:33', '2013-11-29 17:06:33', 0, 0, 0),
(108, 23, 38, 17, 19, 17, 8, 0, NULL, '2013-11-29 17:06:33', '2013-11-29 17:06:33', 0, 0, 0),
(109, 23, 38, 17, 21, 17, 8, 0, NULL, '2013-11-29 17:06:33', '2013-11-29 17:06:33', 0, 0, 0),
(110, 23, 38, 17, 22, 17, 3, 0, NULL, '2013-11-29 17:06:33', '2013-11-29 17:06:33', 0, 0, 0),
(111, 23, 38, 17, 24, 17, 6, 0, NULL, '2013-11-29 17:06:33', '2013-11-29 17:06:33', 0, 0, 0),
(112, 23, 39, 2, 17, 3, 17, 0, NULL, '2013-11-29 17:06:57', '2013-11-29 17:06:57', 0, 0, 1),
(113, 23, 39, 2, 33, 3, 6, 0, NULL, '2013-11-29 17:06:57', '2013-11-29 17:06:57', 0, 0, 1),
(114, 24, 40, 17, 2, 17, 3, 1, '2013-12-02 09:12:16', '2013-11-29 17:14:47', '2013-11-29 17:14:47', 0, 1, 0),
(115, 24, 40, 17, 18, 17, 6, 0, NULL, '2013-11-29 17:14:47', '2013-11-29 17:14:47', 0, 0, 0),
(116, 24, 40, 17, 19, 17, 8, 0, NULL, '2013-11-29 17:14:47', '2013-11-29 17:14:47', 0, 0, 0),
(117, 24, 40, 17, 21, 17, 8, 0, NULL, '2013-11-29 17:14:47', '2013-11-29 17:14:47', 0, 0, 0),
(118, 24, 40, 17, 22, 17, 3, 0, NULL, '2013-11-29 17:14:47', '2013-11-29 17:14:47', 0, 0, 0),
(119, 24, 40, 17, 24, 17, 6, 0, NULL, '2013-11-29 17:14:47', '2013-11-29 17:14:47', 0, 0, 0),
(120, 24, 41, 2, 17, 3, 17, 0, NULL, '2013-11-29 17:15:22', '2013-11-29 17:15:22', 0, 0, 1),
(121, 24, 41, 2, 33, 3, 6, 0, NULL, '2013-11-29 17:15:22', '2013-11-29 17:15:22', 0, 0, 0),
(122, 25, 42, 17, 2, 17, 3, 1, '2013-12-02 09:13:40', '2013-12-02 09:13:32', '2013-12-02 09:13:32', 0, 1, 0),
(123, 25, 42, 17, 18, 17, 6, 1, '2013-12-02 10:03:48', '2013-12-02 09:13:32', '2013-12-02 09:13:32', 0, 0, 0),
(124, 25, 42, 17, 19, 17, 8, 0, NULL, '2013-12-02 09:13:32', '2013-12-02 09:13:32', 0, 0, 0),
(125, 25, 42, 17, 21, 17, 8, 1, '2013-12-02 09:14:58', '2013-12-02 09:13:32', '2013-12-02 09:13:32', 0, 0, 0),
(126, 25, 42, 17, 22, 17, 3, 0, NULL, '2013-12-02 09:13:32', '2013-12-02 09:13:32', 0, 0, 0),
(127, 25, 42, 17, 24, 17, 6, 0, NULL, '2013-12-02 09:13:32', '2013-12-02 09:13:32', 0, 0, 0),
(128, 25, 43, 2, 17, 3, 17, 1, '2013-12-02 09:14:44', '2013-12-02 09:14:20', '2013-12-02 09:14:20', 0, 0, -1),
(129, 25, 43, 2, 33, 3, 6, 0, NULL, '2013-12-02 09:14:20', '2013-12-02 09:14:20', 0, 0, 0),
(130, 26, 44, 21, 2, 8, 3, 1, '2013-12-02 10:53:27', '2013-12-02 09:16:02', '2013-12-02 09:16:02', 0, 1, 0),
(131, 26, 44, 21, 17, 8, 17, 1, '2013-12-02 09:47:38', '2013-12-02 09:16:02', '2013-12-02 09:16:02', 0, 1, 0),
(132, 26, 44, 21, 18, 8, 6, 1, '2013-12-02 09:58:44', '2013-12-02 09:16:02', '2013-12-02 09:16:02', 1, 1, 0),
(133, 26, 45, 2, 21, 3, 8, 1, '2013-12-02 09:50:36', '2013-12-02 09:17:06', '2013-12-02 09:17:06', 0, 0, 1),
(134, 26, 46, 17, 21, 17, 8, 1, '2013-12-02 09:50:36', '2013-12-02 09:48:02', '2013-12-02 09:48:02', 0, 0, -1),
(135, 26, 47, 18, 21, 6, 8, 0, NULL, '2013-12-02 09:52:53', '2013-12-02 09:52:53', 0, 0, 1),
(136, 25, 48, 18, 36, 6, 54, 0, NULL, '2013-12-02 10:04:23', '2013-12-02 10:04:23', 0, 0, 0),
(137, 25, 48, 18, 33, 6, 6, 0, NULL, '2013-12-02 10:04:23', '2013-12-02 10:04:23', 1, 0, 0),
(138, 27, 49, 2, 17, 3, 17, 1, '2013-12-02 10:05:33', '2013-12-02 10:05:24', '2013-12-02 10:05:24', 0, 1, 0),
(139, 27, 49, 2, 33, 3, 6, 0, NULL, '2013-12-02 10:05:24', '2013-12-02 10:05:24', 0, 0, 0),
(140, 27, 49, 2, 21, 3, 8, 0, NULL, '2013-12-02 10:05:24', '2013-12-02 10:05:24', 1, 1, 0),
(141, 27, 50, 17, 2, 17, 3, 1, '2013-12-02 10:11:45', '2013-12-02 10:06:17', '2013-12-02 10:06:17', 0, 0, 1),
(142, 27, 50, 17, 18, 17, 6, 0, NULL, '2013-12-02 10:06:17', '2013-12-02 10:06:17', 0, 0, 0),
(143, 27, 50, 17, 19, 17, 8, 0, NULL, '2013-12-02 10:06:17', '2013-12-02 10:06:17', 0, 0, 0),
(144, 27, 50, 17, 21, 17, 8, 0, NULL, '2013-12-02 10:06:17', '2013-12-02 10:06:17', 0, 0, 0),
(145, 27, 50, 17, 22, 17, 3, 0, NULL, '2013-12-02 10:06:17', '2013-12-02 10:06:17', 0, 0, 0),
(146, 27, 50, 17, 24, 17, 6, 0, NULL, '2013-12-02 10:06:17', '2013-12-02 10:06:17', 0, 0, 0),
(147, 28, 51, 2, 17, 3, 17, 1, '2013-12-02 10:12:19', '2013-12-02 10:12:14', '2013-12-02 10:12:14', 0, 1, 0),
(148, 28, 51, 2, 33, 3, 6, 0, NULL, '2013-12-02 10:12:14', '2013-12-02 10:12:14', 0, 0, 0),
(149, 28, 52, 17, 21, 17, 8, 0, NULL, '2013-12-02 10:12:35', '2013-12-02 10:12:35', 0, 0, 1),
(150, 29, 53, 2, 17, 3, 17, 1, '2013-12-02 10:14:17', '2013-12-02 10:14:11', '2013-12-02 10:14:11', 0, 1, 0),
(151, 29, 53, 2, 33, 3, 6, 0, NULL, '2013-12-02 10:14:11', '2013-12-02 10:14:11', 0, 0, 0),
(152, 29, 54, 17, 21, 17, 8, 0, NULL, '2013-12-02 10:14:46', '2013-12-02 10:14:46', 0, 0, 1),
(153, 30, 55, 2, 17, 3, 17, 1, '2013-12-02 10:24:23', '2013-12-02 10:24:18', '2013-12-02 10:24:18', 0, 1, 0),
(154, 30, 55, 2, 33, 3, 6, 0, NULL, '2013-12-02 10:24:18', '2013-12-02 10:24:18', 0, 0, 0),
(155, 30, 56, 17, 33, 17, 6, 0, NULL, '2013-12-02 10:24:33', '2013-12-02 10:24:33', 0, 0, 1),
(156, 31, 57, 2, 17, 3, 17, 1, '2013-12-02 10:25:16', '2013-12-02 10:25:04', '2013-12-02 10:25:04', 0, 1, 0),
(157, 31, 57, 2, 33, 3, 6, 0, NULL, '2013-12-02 10:25:04', '2013-12-02 10:25:04', 0, 0, 0),
(158, 31, 57, 2, 32, 3, 9, 0, NULL, '2013-12-02 10:25:04', '2013-12-02 10:25:04', 0, 1, 0),
(159, 31, 58, 17, 36, 17, 54, 0, NULL, '2013-12-02 10:25:30', '2013-12-02 10:25:30', 0, 0, -1),
(160, 32, 59, 2, 17, 3, 17, 1, '2013-12-02 10:27:54', '2013-12-02 10:27:22', '2013-12-02 10:27:22', 0, 1, 0),
(161, 32, 59, 2, 33, 3, 6, 0, NULL, '2013-12-02 10:27:22', '2013-12-02 10:27:22', 0, 0, 0),
(162, 32, 59, 2, 18, 3, 6, 1, '2013-12-02 13:11:51', '2013-12-02 10:27:22', '2013-12-02 10:27:22', 1, 1, 0),
(163, 32, 60, 17, 2, 17, 3, 1, '2013-12-11 15:48:36', '2013-12-02 10:27:49', '2013-12-02 10:27:49', 0, 0, 1),
(164, 32, 60, 17, 18, 17, 6, 1, '2013-12-02 13:11:51', '2013-12-02 10:27:49', '2013-12-02 10:27:49', 0, 0, 0),
(165, 32, 60, 17, 19, 17, 8, 0, NULL, '2013-12-02 10:27:49', '2013-12-02 10:27:49', 0, 0, 0),
(166, 32, 60, 17, 21, 17, 8, 1, '2013-12-03 08:54:18', '2013-12-02 10:27:49', '2013-12-02 10:27:49', 0, 0, 0),
(167, 32, 60, 17, 22, 17, 3, 0, NULL, '2013-12-02 10:27:49', '2013-12-02 10:27:49', 0, 0, 0),
(168, 32, 60, 17, 24, 17, 6, 0, NULL, '2013-12-02 10:27:49', '2013-12-02 10:27:49', 0, 0, 0),
(169, 32, 61, 18, 2, 6, 3, 1, '2013-12-11 15:48:36', '2013-12-02 10:28:32', '2013-12-02 10:28:32', 0, 0, -1),
(170, 32, 61, 18, 18, 6, 6, 1, '2013-12-02 13:11:51', '2013-12-02 10:28:32', '2013-12-02 10:28:32', 0, 0, 0),
(171, 32, 61, 18, 19, 6, 8, 0, NULL, '2013-12-02 10:28:32', '2013-12-02 10:28:32', 0, 0, 0),
(172, 32, 61, 18, 21, 6, 8, 1, '2013-12-03 08:54:18', '2013-12-02 10:28:32', '2013-12-02 10:28:32', 0, 0, 0),
(173, 32, 61, 18, 22, 6, 3, 0, NULL, '2013-12-02 10:28:32', '2013-12-02 10:28:32', 0, 0, 0),
(174, 32, 61, 18, 24, 6, 6, 0, NULL, '2013-12-02 10:28:32', '2013-12-02 10:28:32', 0, 0, 0),
(175, 32, 61, 18, 17, 6, 17, 0, NULL, '2013-12-02 10:28:32', '2013-12-02 10:28:32', 1, 0, 0),
(176, 32, 61, 18, 33, 6, 6, 0, NULL, '2013-12-02 10:28:32', '2013-12-02 10:28:32', 1, 0, 0),
(177, 33, 62, 17, 2, 17, 3, 1, '2013-12-03 08:54:42', '2013-12-02 15:00:20', '2013-12-02 15:00:20', 0, 0, 0),
(178, 32, 63, 21, 17, 8, 17, 0, NULL, '2013-12-03 08:54:36', '2013-12-03 08:54:36', 0, 0, 0),
(179, 32, 63, 21, 33, 8, 6, 0, NULL, '2013-12-03 08:54:36', '2013-12-03 08:54:36', 0, 0, 0),
(180, 32, 63, 21, 18, 8, 6, 0, NULL, '2013-12-03 08:54:36', '2013-12-03 08:54:36', 0, 0, 0),
(181, 32, 63, 21, 2, 8, 3, 1, '2013-12-11 15:48:36', '2013-12-03 08:54:36', '2013-12-03 08:54:36', 0, 0, 0),
(182, 32, 63, 21, 18, 8, 6, 0, NULL, '2013-12-03 08:54:36', '2013-12-03 08:54:36', 0, 0, 0),
(183, 32, 63, 21, 19, 8, 8, 0, NULL, '2013-12-03 08:54:36', '2013-12-03 08:54:36', 0, 0, 0),
(184, 32, 63, 21, 21, 8, 8, 0, NULL, '2013-12-03 08:54:36', '2013-12-03 08:54:36', 0, 0, 0),
(185, 32, 63, 21, 22, 8, 3, 0, NULL, '2013-12-03 08:54:36', '2013-12-03 08:54:36', 0, 0, 0),
(186, 32, 63, 21, 24, 8, 6, 0, NULL, '2013-12-03 08:54:36', '2013-12-03 08:54:36', 0, 0, 0),
(187, 34, 64, 21, 2, 8, 3, 1, '2013-12-03 09:10:18', '2013-12-03 09:09:36', '2013-12-03 09:09:36', 0, 1, 0),
(188, 34, 65, 2, 21, 3, 8, 0, NULL, '2013-12-03 09:09:55', '2013-12-03 09:09:55', 0, 0, 1),
(189, 35, 66, 21, 2, 8, 3, 1, '2013-12-10 14:29:14', '2013-12-03 09:10:44', '2013-12-03 09:10:44', 0, 1, 0),
(190, 35, 67, 2, 21, 3, 8, 0, NULL, '2013-12-03 09:10:55', '2013-12-03 09:10:55', 0, 0, 1),
(191, 36, 68, 2, 18, 3, 6, 0, NULL, '2013-12-03 15:56:53', '2013-12-03 15:56:53', 0, 1, 0),
(192, 37, 69, 2, 19, 3, 8, 0, NULL, '2013-12-04 11:13:58', '2013-12-04 11:13:58', 0, 0, 0),
(193, 37, 69, 2, 38, 3, 6, 0, NULL, '2013-12-04 11:13:58', '2013-12-04 11:13:58', 0, 0, 0),
(194, 38, 70, 2, 19, 3, 8, 0, NULL, '2013-12-04 11:41:04', '2013-12-04 11:41:04', 0, 0, 0),
(195, 38, 70, 2, 38, 3, 6, 1, '2013-12-04 11:42:29', '2013-12-04 11:41:04', '2013-12-04 11:41:04', 0, 0, 0),
(196, 38, 71, 38, 2, 6, 3, 1, '2013-12-12 17:19:54', '2013-12-04 11:43:13', '2013-12-04 11:43:13', 0, 0, 0),
(197, 39, 72, 2, 17, 3, 17, 0, NULL, '2013-12-05 09:28:07', '2013-12-05 09:28:07', 0, 0, 0),
(198, 39, 72, 2, 33, 3, 6, 0, NULL, '2013-12-05 09:28:07', '2013-12-05 09:28:07', 0, 0, 0),
(199, 40, 73, 2, 17, 3, 17, 0, NULL, '2013-12-05 09:30:04', '2013-12-05 09:30:04', 0, 0, 0),
(200, 40, 73, 2, 33, 3, 6, 0, NULL, '2013-12-05 09:30:04', '2013-12-05 09:30:04', 0, 0, 0),
(201, 41, 74, 2, 17, 3, 17, 0, NULL, '2013-12-05 09:47:01', '2013-12-05 09:47:01', 0, 0, 0),
(202, 42, 75, 2, 17, 3, 17, 0, NULL, '2013-12-05 09:47:36', '2013-12-05 09:47:36', 0, 0, 0),
(203, 43, 76, 2, 17, 3, 17, 0, NULL, '2013-12-05 09:50:03', '2013-12-05 09:50:03', 0, 0, 0),
(204, 44, 77, 2, 17, 3, 17, 0, NULL, '2013-12-05 14:57:43', '2013-12-05 14:57:43', 0, 0, 0),
(205, 44, 77, 2, 33, 3, 6, 0, NULL, '2013-12-05 14:57:43', '2013-12-05 14:57:43', 0, 0, 0),
(206, 44, 77, 2, 36, 3, 54, 0, NULL, '2013-12-05 14:57:43', '2013-12-05 14:57:43', 1, 0, 0),
(207, 45, 78, 2, 17, 3, 17, 0, NULL, '2013-12-05 15:10:39', '2013-12-05 15:10:39', 0, 0, 0),
(208, 45, 78, 2, 21, 3, 8, 0, NULL, '2013-12-05 15:10:39', '2013-12-05 15:10:39', 0, 0, 0),
(209, 45, 78, 2, 22, 3, 3, 0, NULL, '2013-12-05 15:10:39', '2013-12-05 15:10:39', 0, 0, 0),
(210, 45, 78, 2, 36, 3, 54, 0, NULL, '2013-12-05 15:10:39', '2013-12-05 15:10:39', 1, 0, 0),
(212, 46, 79, 2, 21, 3, 8, 0, NULL, '2013-12-10 10:39:27', '2013-12-10 10:39:27', 0, 0, 0),
(213, 46, 79, 2, 22, 3, 3, 1, '2013-12-10 13:55:30', '2013-12-10 10:39:27', '2013-12-10 10:39:27', 0, 0, 0),
(215, 46, 79, 2, 16, 3, 6, 0, NULL, '2013-12-10 10:39:27', '2013-12-10 10:39:27', 1, 0, 0),
(218, 47, 80, 2, 22, 3, 3, 1, '2013-12-10 13:53:28', '2013-12-10 10:43:26', '2013-12-10 10:43:26', 1, 1, 0),
(220, 47, 80, 2, 23, 3, 9, 0, NULL, '2013-12-10 10:43:26', '2013-12-10 10:43:26', 1, 1, 0),
(221, 47, 80, 2, 24, 3, 6, 0, NULL, '2013-12-10 12:59:12', '2013-12-10 12:59:12', 0, 1, 0),
(222, 47, 80, 2, 32, 3, 9, 0, NULL, '2013-12-10 13:03:02', '2013-12-10 13:03:02', 0, 1, 0),
(223, 48, 81, 2, 17, 3, 17, 0, NULL, '2013-12-10 14:00:53', '2013-12-10 14:00:53', 0, 0, 0),
(224, 48, 81, 2, 33, 3, 6, 0, NULL, '2013-12-10 14:00:53', '2013-12-10 14:00:53', 0, 0, 0),
(225, 49, 82, 17, 2, 17, 3, 1, '2013-12-10 14:27:29', '2013-12-10 14:14:18', '2013-12-10 14:14:18', 0, 0, 0),
(226, 49, 82, 17, 18, 17, 6, 0, NULL, '2013-12-10 14:14:18', '2013-12-10 14:14:18', 0, 0, 0),
(227, 49, 82, 17, 19, 17, 8, 0, NULL, '2013-12-10 14:14:18', '2013-12-10 14:14:18', 0, 0, 0),
(228, 49, 82, 17, 21, 17, 8, 0, NULL, '2013-12-10 14:14:18', '2013-12-10 14:14:18', 0, 0, 0),
(229, 49, 82, 17, 22, 17, 3, 0, NULL, '2013-12-10 14:14:18', '2013-12-10 14:14:18', 0, 0, 0),
(230, 49, 82, 17, 24, 17, 6, 0, NULL, '2013-12-10 14:14:18', '2013-12-10 14:14:18', 0, 0, 0),
(231, 49, 83, 2, 17, 3, 17, 1, '2013-12-10 15:37:10', '2013-12-10 14:15:04', '2013-12-10 14:15:04', 0, 0, 0),
(232, 49, 83, 2, 33, 3, 6, 0, NULL, '2013-12-10 14:15:04', '2013-12-10 14:15:04', 0, 0, 0),
(233, 49, 83, 2, 2, 3, 3, 1, '2013-12-10 14:27:29', '2013-12-10 14:15:04', '2013-12-10 14:15:04', 0, 0, 0),
(234, 49, 84, 2, 17, 3, 17, 1, '2013-12-10 15:37:10', '2013-12-10 14:16:17', '2013-12-10 14:16:17', 0, 0, 0),
(235, 49, 84, 2, 33, 3, 6, 0, NULL, '2013-12-10 14:16:17', '2013-12-10 14:16:17', 0, 0, 0),
(236, 50, 85, 2, 17, 3, 17, 1, '2013-12-10 15:36:42', '2013-12-10 14:30:50', '2013-12-10 14:30:50', 0, 0, 0),
(237, 51, 86, 17, 2, 17, 3, 1, '2013-12-12 11:41:34', '2013-12-10 15:46:07', '2013-12-10 15:46:07', 0, 0, 0),
(238, 52, 87, 2, 17, 3, 17, 1, '2013-12-11 09:41:07', '2013-12-11 09:39:34', '2013-12-11 09:39:34', 0, 0, 0),
(239, 52, 87, 2, 21, 3, 8, 1, '2013-12-11 09:42:48', '2013-12-11 09:39:34', '2013-12-11 09:39:34', 0, 0, 0),
(240, 53, 88, 2, 17, 3, 17, 1, '2013-12-11 11:17:01', '2013-12-11 10:47:49', '2013-12-11 10:47:49', 0, 0, 0),
(241, 53, 88, 2, 21, 3, 8, 1, '2013-12-11 11:17:22', '2013-12-11 10:47:49', '2013-12-11 10:47:49', 0, 0, 0),
(242, 53, 88, 2, 22, 3, 3, 1, '2013-12-11 11:25:35', '2013-12-11 10:47:49', '2013-12-11 10:47:49', 0, 0, 0),
(243, 53, 88, 2, 23, 3, 9, 0, NULL, '2013-12-11 10:47:49', '2013-12-11 10:47:49', 1, 0, 0),
(244, 51, 89, 2, 17, 3, 17, 0, NULL, '2013-12-12 11:42:03', '2013-12-12 11:42:03', 0, 0, 0),
(245, 51, 89, 2, 21, 3, 8, 0, NULL, '2013-12-12 11:42:03', '2013-12-12 11:42:03', 0, 0, 0),
(246, 54, 90, 2, 17, 3, 17, 0, NULL, '2013-12-12 15:07:33', '2013-12-12 15:07:33', 0, 0, 0);

-- --------------------------------------------------------

--
-- Estructura de tabla para la tabla `uploads`
--

CREATE TABLE IF NOT EXISTS `uploads` (
  `id` int(11) NOT NULL AUTO_INCREMENT,
  `name` varchar(255) DEFAULT NULL,
  `size` int(11) DEFAULT NULL,
  `message_id` int(11) DEFAULT NULL,
  `real_name` varchar(255) DEFAULT NULL,
  `url` varchar(255) DEFAULT NULL,
  `temporal` int(11) DEFAULT NULL,
  `document` int(11) NOT NULL DEFAULT '0',
  `visible` int(11) NOT NULL DEFAULT '0',
  `description` varchar(127) DEFAULT NULL,
  PRIMARY KEY (`id`)
) ENGINE=InnoDB  DEFAULT CHARSET=latin1 AUTO_INCREMENT=85 ;

--
-- Volcado de datos para la tabla `uploads`
--

INSERT INTO `uploads` (`id`, `name`, `size`, `message_id`, `real_name`, `url`, `temporal`, `document`, `visible`, `description`) VALUES
(1, 'new_photo_on_page_0799263001384463986.txt', 460, NULL, 'new_photo_on_page.txt', 'http://localhost/AIG_mensajeria/webroot/files/new_photo_on_page_0799263001384463986.txt', 89932044, 0, 0, NULL),
(2, 'new_photo_on_page_0829554001384465815.txt', 460, NULL, 'new_photo_on_page.txt', 'http://localhost/AIG_mensajeria/webroot/files/new_photo_on_page_0829554001384465815.txt', NULL, 0, 0, NULL),
(3, 'new_photo_on_page_0634030001384466856.txt', 460, NULL, 'new_photo_on_page.txt', 'http://localhost/AIG_mensajeria/webroot/files/new_photo_on_page_0634030001384466856.txt', NULL, 0, 0, NULL),
(4, 'new_photo_on_page_0188351001384466862.txt', 460, NULL, 'new_photo_on_page.txt', 'http://localhost/AIG_mensajeria/webroot/files/new_photo_on_page_0188351001384466862.txt', NULL, 0, 0, NULL),
(5, 'default_0244367001384467506.php', 8318, NULL, 'default.php', 'http://localhost/AIG_mensajeria/webroot/files/default_0244367001384467506.php', NULL, 0, 0, NULL),
(6, 'index_0995466001384467519.html', 5249, NULL, 'index.html', 'http://localhost/AIG_mensajeria/webroot/files/index_0995466001384467519.html', NULL, 0, 0, NULL),
(9, 'index_0910520001384467989.html', 5249, NULL, 'index.html', 'http://localhost/AIG_mensajeria/webroot/files/index_0910520001384467989.html', NULL, 1, 0, NULL),
(10, 'index_0081202001384467995.html', 5249, NULL, 'index.html', 'http://localhost/AIG_mensajeria/webroot/files/index_0081202001384467995.html', NULL, 1, 0, NULL),
(11, 'MANUALDEOFFICE_0431573001384522879.pdf', 1778566, 8, 'MANUAL DE OFFICE.pdf', 'http://localhost/AIG_mensajeria/webroot/files/MANUALDEOFFICE_0431573001384522879.pdf', NULL, 0, 0, NULL),
(12, 'MANUALDEOFFICE_0371336001384524501.pdf', 1778566, NULL, 'MANUAL DE OFFICE.pdf', 'http://localhost/AIG_mensajeria/webroot/files/MANUALDEOFFICE_0371336001384524501.pdf', NULL, 1, 0, ''),
(13, 'MANUALDEOFFICE_0911782001384525739.pdf', 1778566, NULL, 'MANUAL DE OFFICE.pdf', 'http://localhost/AIG_mensajeria/webroot/files/MANUALDEOFFICE_0911782001384525739.pdf', NULL, 1, 1, 'docuemnto de prueba'),
(14, 'MANUALDEOFFICE_0263420001384526312.pdf', 1778566, NULL, 'MANUAL DE OFFICE.pdf', 'http://localhost/AIG_mensajeria/webroot/files/MANUALDEOFFICE_0263420001384526312.pdf', NULL, 1, 1, 'pruebaa'),
(15, 'MANUALDEOFFICE_0281518001384526385.pdf', 1778566, NULL, 'MANUAL DE OFFICE.pdf', 'http://localhost/AIG_mensajeria/webroot/files/MANUALDEOFFICE_0281518001384526385.pdf', NULL, 1, 1, 'sdfgsdfg'),
(16, 'MANUALDEOFFICE_0103204001384526436.pdf', 1778566, NULL, 'MANUAL DE OFFICE.pdf', 'http://localhost/AIG_mensajeria/webroot/files/MANUALDEOFFICE_0103204001384526436.pdf', NULL, 1, 1, 'sgsdfg'),
(17, 'MANUALDEOFFICE_0531648001384526467.pdf', 1778566, NULL, 'MANUAL DE OFFICE.pdf', 'http://localhost/AIG_mensajeria/webroot/files/MANUALDEOFFICE_0531648001384526467.pdf', NULL, 1, 0, 'sdfgfdg'),
(18, 'proyectosdedivulgacion_0999196001384533596.jpg', 42311, NULL, 'proyectos de divulgacion.jpg', 'http://localhost/AIG_mensajeria/webroot/files/proyectosdedivulgacion_0999196001384533596.jpg', 67431593, 0, 0, NULL),
(19, 'MANUALDEOFFICE_0911782001384525739.pdf', 1778566, 10, 'MANUAL DE OFFICE.pdf', 'http://localhost/AIG_mensajeria/webroot/files/MANUALDEOFFICE_0911782001384525739.pdf', NULL, 0, 0, ''),
(20, 'MANUALDEOFFICE_0281518001384526385.pdf', 1778566, 10, 'MANUAL DE OFFICE.pdf', 'http://localhost/AIG_mensajeria/webroot/files/MANUALDEOFFICE_0281518001384526385.pdf', NULL, 0, 0, ''),
(21, 'Syllubus_0324609001384877299.pdf', 68459, NULL, 'Syllubus.pdf', 'http://localhost/AIG_mensajeria/webroot/files/Syllubus_0324609001384877299.pdf', NULL, 1, 1, 'Prueba del 1911'),
(22, 'wireframe_0271871001384877576.pdf', 401598, NULL, 'wireframe.pdf', 'http://localhost/AIG_mensajeria/webroot/files/wireframe_0271871001384877576.pdf', NULL, 1, 1, 'qwerty'),
(23, 'MANUALDEOFFICE_0911782001384525739_0925069001384885846.pdf', 1778566, 11, 'MANUALDEOFFICE_0911782001384525739.pdf', 'http://localhost/AIG_mensajeria/webroot/files/MANUALDEOFFICE_0911782001384525739_0925069001384885846.pdf', NULL, 0, 0, NULL),
(24, 'barrios_0441155001385650098', 438787, NULL, 'barrios.js', 'http://localhost/AIG_mensajeria/webroot/files/barrios_0441155001385650098', NULL, 1, 1, 'formato'),
(27, 'indexaux_0245260001385652266.html', 26489, NULL, 'indexaux.html', 'http://localhost/AIG_mensajeria/webroot/files/indexaux_0245260001385652266.html', NULL, 1, 1, ''),
(28, 'CAT_Geografia_distrito_0023638001385652334.csv', 1571, NULL, 'CAT_Geografia_distrito.csv', 'http://localhost/AIG_mensajeria/webroot/files/CAT_Geografia_distrito_0023638001385652334.csv', NULL, 1, 1, ''),
(31, 'ver_documento_0463150001385652604.html', 324, NULL, 'ver_documento.html', 'http://localhost/AIG_mensajeria/webroot/files/ver_documento_0463150001385652604.html', NULL, 1, 1, ''),
(33, 'configuracion(1)_0592741001385652694', 3711, NULL, 'configuracion (1).js', 'http://localhost/AIG_mensajeria/webroot/files/configuracion%281%29_0592741001385652694', NULL, 1, 1, ''),
(34, 'configuracion_0440874001385653762', 3711, NULL, 'configuracion.js', 'http://localhost/AIG_mensajeria/webroot/files/configuracion_0440874001385653762', NULL, 1, 1, ''),
(35, 'ver_documento_0216276001385653933.html', 324, NULL, 'ver_documento.html', 'http://localhost/AIG_mensajeria/webroot/files/ver_documento_0216276001385653933.html', NULL, 1, 1, ''),
(36, 'ver_documento_0394413001385654565.html', 324, NULL, 'ver_documento.html', 'http://localhost/AIG_mensajeria/webroot/files/ver_documento_0394413001385654565.html', NULL, 1, 1, ''),
(37, 'ver_documento_0252856001385654664.html', 324, NULL, 'ver_documento.html', 'http://localhost/AIG_mensajeria/webroot/files/ver_documento_0252856001385654664.html', NULL, 1, 1, ''),
(38, 'configuracion_0637836001385654748', 3711, NULL, 'configuracion.js', 'http://localhost/AIG_mensajeria/webroot/files/configuracion_0637836001385654748', NULL, 1, 1, ''),
(39, 'Amazon_0995594001383319946(1)_0410313001385656247.pdf', 98414, NULL, 'Amazon_0995594001383319946 (1).pdf', 'http://localhost/AIG_mensajeria/webroot/files/Amazon_0995594001383319946%281%29_0410313001385656247.pdf', NULL, 1, 1, ''),
(40, 'configuracion_0356336001385656295', 3711, NULL, 'configuracion.js', 'http://localhost/AIG_mensajeria/webroot/files/configuracion_0356336001385656295', NULL, 1, 1, ''),
(41, 'wireframe_0904815001385656345.pdf', 401598, NULL, 'wireframe.pdf', 'http://localhost/AIG_mensajeria/webroot/files/wireframe_0904815001385656345.pdf', NULL, 1, 1, ''),
(42, 'correspondencia(3)_0958849001385667301.sql', 35539, NULL, 'correspondencia (3).sql', 'http://localhost/AIG_mensajeria/webroot/files/correspondencia%283%29_0958849001385667301.sql', NULL, 1, 1, ''),
(43, 'ver_documento_0649328001385667595.html', 324, NULL, 'ver_documento.html', 'http://localhost/AIG_mensajeria/webroot/files/ver_documento_0649328001385667595.html', NULL, 1, 1, ''),
(44, 'wireframe_0931184001385667690.pdf', 401598, NULL, 'wireframe.pdf', 'http://localhost/AIG_mensajeria/webroot/files/wireframe_0931184001385667690.pdf', NULL, 1, 1, ''),
(45, 'ver_documento_0612210001385667762.html', 324, NULL, 'ver_documento.html', 'http://localhost/AIG_mensajeria/webroot/files/ver_documento_0612210001385667762.html', NULL, 1, 1, ''),
(46, 'ver_documento_0612210001385667762_0433629001385668027.html', 324, NULL, 'ver_documento_0612210001385667762.html', 'http://localhost/AIG_mensajeria/webroot/files/ver_documento_0612210001385667762_0433629001385668027.html', NULL, 1, 1, ''),
(47, 'ver_documento_0967744001385669183.html', 324, NULL, 'ver_documento.html', 'http://localhost/AIG_mensajeria/webroot/files/ver_documento_0967744001385669183.html', NULL, 1, 1, ''),
(48, 'HowtousethePublicfolder_0809005001385669272.rtf', 57080, NULL, 'How to use the Public folder.rtf', 'http://localhost/AIG_mensajeria/webroot/files/HowtousethePublicfolder_0809005001385669272.rtf', NULL, 1, 1, '28112013153752'),
(49, 'Cursodeespeleología_0647222001385669429.docx', 14000, NULL, 'Curso de espeleología.docx', 'http://localhost/AIG_mensajeria/webroot/files/Cursodeespeleolog%C3%ADa_0647222001385669429.docx', NULL, 1, 1, '28112013154029'),
(52, 'Cursodeespeleología_0196314001385670363.docx', 14000, NULL, 'Curso de espeleología.docx', 'http://localhost/AIG_mensajeria/webroot/files/Cursodeespeleolog%C3%ADa_0196314001385670363.docx', NULL, 1, 1, '2811201315563'),
(53, 'WIREFRAMEANDROID_0044364001385670631.pdf', 2163338, NULL, 'WIREFRAME ANDROID.pdf', 'http://localhost/AIG_mensajeria/webroot/files/WIREFRAMEANDROID_0044364001385670631.pdf', NULL, 1, 1, '2811201316030'),
(54, 'configuracion(1)_0499668001385670759', 3711, NULL, 'configuracion (1).js', 'http://localhost/AIG_mensajeria/webroot/files/configuracion%281%29_0499668001385670759', NULL, 1, 1, '2811201316239'),
(55, 'ver_documento_0233962001385670863.html', 324, NULL, 'ver_documento.html', 'http://localhost/AIG_mensajeria/webroot/files/ver_documento_0233962001385670863.html', NULL, 1, 1, '2811201316423'),
(56, 'ver_documento_0889672001385670956.html', 324, NULL, 'ver_documento.html', 'http://localhost/AIG_mensajeria/webroot/files/ver_documento_0889672001385670956.html', NULL, 1, 1, '2811201316556'),
(57, 'ver_documento_0612210001385667762_0194568001385671015.html', 324, NULL, 'ver_documento_0612210001385667762.html', 'http://localhost/AIG_mensajeria/webroot/files/ver_documento_0612210001385667762_0194568001385671015.html', NULL, 1, 1, '2811201316655'),
(59, 'Curriculum2013_jehogo_0908247001385671148.pdf', 64551, NULL, 'Curriculum2013_jehogo.pdf', 'http://localhost/AIG_mensajeria/webroot/files/Curriculum2013_jehogo_0908247001385671148.pdf', NULL, 1, 1, '281120131698'),
(60, 'ver_documento_0397165001385671260.html', 324, NULL, 'ver_documento.html', 'http://localhost/AIG_mensajeria/webroot/files/ver_documento_0397165001385671260.html', NULL, 1, 1, '2811201316110'),
(61, 'configuracion_0284103001385671399', 3711, NULL, 'configuracion.js', 'http://localhost/AIG_mensajeria/webroot/files/configuracion_0284103001385671399', NULL, 1, 1, '28112013161319'),
(63, 'Cursodeespeleología_0718512001385671472.docx', 14000, NULL, 'Curso de espeleología.docx', 'http://localhost/AIG_mensajeria/webroot/files/Cursodeespeleolog%C3%ADa_0718512001385671472.docx', NULL, 1, 1, '28112013161432'),
(65, 'CI-252299DiscretasII_0740051001385676464.pdf', 312310, NULL, 'CI-2522 99 Discretas II.pdf', 'http://localhost/AIG_mensajeria/webroot/files/CI-252299DiscretasII_0740051001385676464.pdf', NULL, 1, 1, '28112013173744'),
(66, 'CI-331195BDI_0840541001385676480.pdf', 311178, NULL, 'CI-3311 95 BD I.pdf', 'http://localhost/AIG_mensajeria/webroot/files/CI-331195BDI_0840541001385676480.pdf', NULL, 1, 1, '2811201317380'),
(67, 'CI-339195LabBDI_0591682001385676583.pdf', 310026, NULL, 'CI-3391 95 Lab BD I.pdf', 'http://localhost/AIG_mensajeria/webroot/files/CI-339195LabBDI_0591682001385676583.pdf', NULL, 1, 1, '28112013173943'),
(68, 'CI-372595Traductores_0432662001385676597.pdf', 309630, NULL, 'CI-3725 95 Traductores.pdf', 'http://localhost/AIG_mensajeria/webroot/files/CI-372595Traductores_0432662001385676597.pdf', NULL, 1, 1, '28112013173957'),
(69, 'CI-5311BDII_0880769001385676608.pdf', 309859, NULL, 'CI-5311 BD II.pdf', 'http://localhost/AIG_mensajeria/webroot/files/CI-5311BDII_0880769001385676608.pdf', NULL, 1, 1, '2811201317408'),
(70, 'CI-531396BDIII_0551285001385676622.pdf', 312272, NULL, 'CI-5313 96 BD III.pdf', 'http://localhost/AIG_mensajeria/webroot/files/CI-531396BDIII_0551285001385676622.pdf', NULL, 1, 1, '28112013174022'),
(71, 'CI-251195Logica_0413113001386014411.pdf', 308085, 62, 'CI-2511 95 Logica.pdf', 'http://localhost/AIG_mensajeria/webroot/files/CI-251195Logica_0413113001386014411.pdf', NULL, 0, 0, NULL),
(72, 'CI-251195Logica_0571383001386175379.pdf', 308085, 71, 'CI-2511 95 Logica.pdf', 'http://localhost/AIG_mensajeria/webroot/files/CI-251195Logica_0571383001386175379.pdf', NULL, 0, 0, NULL),
(74, 'wireframe_0293270001386685999.pdf', 401598, NULL, 'wireframe.pdf', 'http://localhost/AIG_mensajeria/webroot/files/wireframe_0293270001386685999.pdf', 53553842, 0, 0, NULL),
(76, 'bootstrap_0183258001386688252', 61884, NULL, 'bootstrap.js', 'http://localhost/AIG_mensajeria/webroot/files/bootstrap_0183258001386688252', NULL, 1, 1, '10122013104052'),
(80, 'Amazon_0995594001383319946_0279048001386701650.pdf', 98414, 79, 'Amazon_0995594001383319946.pdf', 'http://localhost/AIG_mensajeria/webroot/files/Amazon_0995594001383319946_0279048001386701650.pdf', NULL, 0, 0, NULL),
(81, 'Syllubus_0555551001386701659.pdf', 68459, 79, 'Syllubus.pdf', 'http://localhost/AIG_mensajeria/webroot/files/Syllubus_0555551001386701659.pdf', NULL, 0, 0, NULL),
(82, 'MercantilenLínea_0039846001383320169_0709760001386701681.pdf', 111893, 79, 'Mercantil en Línea_0039846001383320169.pdf', 'http://localhost/AIG_mensajeria/webroot/files/MercantilenL%C3%ADnea_0039846001383320169_0709760001386701681.pdf', NULL, 0, 0, NULL),
(83, 'Syllubus_0469724001386702228.pdf', 68459, NULL, 'Syllubus.pdf', 'http://localhost/AIG_mensajeria/webroot/files/Syllubus_0469724001386702228.pdf', NULL, 1, 1, '10122013143348'),
(84, 'wireframe_0823225001386866521.pdf', 401598, 89, 'wireframe.pdf', 'http://localhost/AIG_mensajeria/webroot/files/wireframe_0823225001386866521.pdf', NULL, 0, 0, NULL);

-- --------------------------------------------------------

--
-- Estructura de tabla para la tabla `users`
--

CREATE TABLE IF NOT EXISTS `users` (
  `id` int(11) NOT NULL AUTO_INCREMENT,
  `user_group_id` int(11) unsigned DEFAULT NULL,
  `username` varchar(100) DEFAULT NULL,
  `password` varchar(255) DEFAULT NULL,
  `salt` text,
  `email` varchar(100) DEFAULT NULL,
  `first_name` varchar(100) DEFAULT NULL,
  `last_name` varchar(100) DEFAULT NULL,
  `email_verified` int(1) DEFAULT '0',
  `active` int(1) NOT NULL DEFAULT '0',
  `ip_address` varchar(50) DEFAULT NULL,
  `created` datetime DEFAULT NULL,
  `modified` datetime DEFAULT NULL,
  `entity_id` int(11) DEFAULT NULL,
  `first_time` int(11) DEFAULT '1',
  `telephone` varchar(20) DEFAULT NULL,
  `celphone` varchar(20) DEFAULT NULL,
  `group_id` int(11) DEFAULT NULL,
  PRIMARY KEY (`id`),
  KEY `user` (`username`),
  KEY `mail` (`email`),
  KEY `users_FKIndex1` (`user_group_id`)
) ENGINE=InnoDB  DEFAULT CHARSET=latin1 AUTO_INCREMENT=42 ;

--
-- Volcado de datos para la tabla `users`
--

INSERT INTO `users` (`id`, `user_group_id`, `username`, `password`, `salt`, `email`, `first_name`, `last_name`, `email_verified`, `active`, `ip_address`, `created`, `modified`, `entity_id`, `first_time`, `telephone`, `celphone`, `group_id`) VALUES
(1, 1, 'admin', 'b670bffcdcf036b0f9be512bb25f664a', '51dc4bb92e72198d0dbb04bd2441f227', 'admin@admin.com', 'Admin', '', 1, 1, '', '2013-09-25 13:27:49', '2013-10-01 18:42:11', 0, 0, NULL, NULL, NULL),
(2, 2, 'jehogo', '15adedee5071c72b61a2258023f33929', 'ec3afff348f4cdfe628775c18bbbaf7c', 'gouveia.horacio@gmail.com', 'Jesus Horacio', 'Gouveia', 1, 1, NULL, '2013-09-26 15:10:21', '2013-12-12 11:41:16', 3, 0, NULL, NULL, NULL),
(3, 2, 'pedro', 'ea78d095f1a674db33ab9bc7496ad066', 'c8167bb42364235b3799a6ff95ce2443', 'pedrito@gmailc.om', 'Pedro Antonio', 'Lopez', 1, 1, NULL, '2013-10-01 10:21:27', '2013-10-01 11:47:11', 0, 1, NULL, NULL, NULL),
(4, 2, 'adriana', '5f5bf5147dd73a94a759e3a7d0a0c4c1', '9461110dab86a2f2a784257f19fca2f5', 'adrita@gmail.com', 'Adriana', 'Gomes Perez', 1, 0, NULL, '2013-10-01 10:22:26', '2013-10-01 13:37:31', 0, 1, NULL, NULL, NULL),
(13, 2, 'analado', '9d761afd06e022d4c7b86a1500c3b46b', '290453a12fb483a0ca5f82640f1eef48', 'ana.lado@lado.com', 'Ana', 'Lado', 1, 1, NULL, '2013-10-01 16:03:50', '2013-10-01 16:03:50', 0, 1, NULL, NULL, NULL),
(14, 2, 'chuo', '0b8475744f5d05aab72ddda4dce0c5aa', 'd13e4a9ea7438af60c5aba4f2e3e5982', 'gouveia.horacio+1@gmail.com', 'Chucho', 'Gouv', 1, 1, NULL, '2013-10-01 16:08:50', '2013-10-10 12:33:18', 38, 1, NULL, NULL, NULL),
(15, 2, 'checho', 'f4ab78aae28a27e623e2df1352750389', 'f4e66691f01382c5fb2b8bce8f44cbd9', 'che@das.com', 'checho', 'che', 1, 1, NULL, '2013-10-01 16:10:28', '2013-10-10 12:33:38', 38, 1, NULL, NULL, NULL),
(16, 2, 'pepito', '82a5e753b273c9191012be26eef816b0', '9fda8613933d548bfdcae61198d48204', 'pepito@grillo.com', 'Pepe', 'grillo', 1, 1, NULL, '2013-10-01 16:11:49', '2013-10-02 16:08:45', 6, 1, NULL, NULL, NULL),
(17, 2, 'rosa', '3ef71de1ee68c4006dea449dd057717d', '1f718e03079a04ea0265e2c02b28099f', 'rosa@aas.com', 'Rosa', 'Lado', 1, 1, NULL, '2013-10-01 16:13:12', '2013-11-14 14:27:00', 17, 0, NULL, NULL, NULL),
(18, 2, 'fabi', '4f49de2445c01597cfe0914910fff800', '01c714dbb16d16da7d8004f934c7ce83', 'fa@perez.com', 'Fabian', 'Perez', 1, 1, NULL, '2013-10-01 16:14:18', '2013-12-02 09:17:39', 6, 0, NULL, NULL, NULL),
(19, 1, 'ricardo', 'e36a299e0d7ddb1db40bf053aff2f98f', '0fd3aec27d6c9bd09637ad567a904b00', 'rica@rdo.com', 'Ricardo Antonio', 'Perez Formigoni', 1, 1, NULL, '2013-10-01 16:50:40', '2013-12-04 10:17:11', 8, 1, '3265', '12345', 1),
(20, 3, 'admin_a', '8f43a8ba2d52d1f5f04b04517e95ef02', 'bd2a7de90b5b7901ecf61ab99398c773', 'jehogo@jehogo.com', 'Jesus', 'Gouveia', 1, 1, NULL, '2013-10-02 14:45:56', '2013-11-19 11:14:41', 2, 0, NULL, NULL, NULL),
(21, 2, 'test1', '38238d018376aaa3fcf166616bb5e872', '8947cc5a68f43d82f881df50d2981206', 'test1@google.com', 'Test', 'Uno', 1, 1, NULL, '2013-10-16 09:54:54', '2013-11-29 16:56:22', 8, 0, NULL, NULL, NULL),
(22, 2, 'test2', '0d0dd1a9b9dd181ddc4fca42bf6269c1', '8e2be2dec04fdb725138dd2804f16735', 'test2@google.com', 'Test', 'Dos', 1, 1, NULL, '2013-10-16 09:55:27', '2013-12-10 13:53:22', 3, 0, NULL, NULL, NULL),
(23, 2, 'test3', '4e8913868150e99fe68b191548974aee', '707a80c7d98d84fa8cb1d2c235362137', 'test3@google.com', 'Test', 'Tres', 1, 1, NULL, '2013-10-16 09:56:02', '2013-10-16 09:56:02', 9, 1, NULL, NULL, NULL),
(24, 2, 'test4', '8edeb18b9873370247c516fc727dcddd', '33b2ddfa8c90ce25fb5d2e7cdb0ee858', 'test4@google.com', 'Test', 'Cuatro', 1, 1, NULL, '2013-10-16 09:56:32', '2013-10-16 09:56:32', 6, 1, NULL, NULL, NULL),
(25, 2, 'victor', '167970571452b68cb5540e01f2ade962', 'cc14cb2b85cc22f38fe18cb5aacff0b7', 'gouveia.horacio+6@gmail.com', 'Victor', 'Muñoz', 1, 1, NULL, '2013-10-29 15:56:45', '2013-10-29 15:56:45', 16, 1, NULL, NULL, NULL),
(26, 1, 'pedra', '523ee0ed9da327cfcadaff75387c63d8', 'b7ec11d37c2204ad33f149c5fdde9fa3', 'ped@sdf.com', 'Pedra', 'Lopez', 1, 1, NULL, '2013-11-13 12:19:58', '2013-11-13 12:19:58', 38, 1, NULL, NULL, NULL),
(27, 2, 'pedrito', '3c45caedd377dd361838fe981cc776e7', 'c53ded168df24de93649c8a5f8606bfa', 'pedrito+36@gmailc.om', 'Pedrito', 'Perez', 1, 1, NULL, '2013-11-13 12:21:20', '2013-11-13 12:21:20', 38, 1, NULL, NULL, NULL),
(28, 2, 'pepe', 'ff84098fb90b2dec1f4c785d8ade7ae1', '80dadb3b7d486b97280db663bcf7d769', 'pepe@pepe.com', 'pepe', 'pepe', 1, 1, NULL, '2013-11-13 13:18:28', '2013-11-13 13:18:28', 30, 1, NULL, NULL, NULL),
(29, 2, 'pepepe', '69d41b439ff84563c5954f091a8541a8', 'd5a60a036a0a23b78bd3b8eb56c05f81', 'pepepe@pepe.com', 'pepepepe', 'pepepepepepepe', 1, 1, NULL, '2013-11-13 13:19:06', '2013-11-13 13:19:06', 6, 1, NULL, NULL, NULL),
(30, 2, 'yoha', 'cd383dc6b921f2f8b891ba1fcccd83b9', '1bbd67b075208fb9a2c142112e432a69', 'yoha@zapino.com', 'Yohana', 'Zapino', 1, 1, NULL, '2013-11-13 13:20:52', '2013-11-13 13:51:18', 38, 0, '369852147', '121548611', NULL),
(31, 2, 'grisel', '0d0df9307c473817b21d9319cb8b91ca', '6eeaf751b3aff6932863419ad9b69088', 'gris@zap.com', 'Grisel', 'Zapino', 1, 1, NULL, '2013-11-13 13:21:57', '2013-11-19 10:54:17', 38, 0, '+5841254112', '231548977', NULL),
(32, 2, 'test1911', 'f642f384023695241a3462b20f368f79', '0bad9c725dd48db72049f2d6d37d6dfa', 'gouveia.horacio+63@gmail.com', 'Test', '1911', 1, 1, NULL, '2013-11-19 13:28:49', '2013-11-19 13:29:08', 9, 0, '', '', NULL),
(33, 2, 'test10', 'b82e428ee3d8260b08f4e13b7daa1700', '58ec28eab4fe69772049cdfef836a391', 'perol@perols.com', 'test', 'diez', 1, 1, NULL, '2013-11-19 13:35:08', '2013-11-19 13:35:38', 6, 0, '1231321', '21321', NULL),
(34, 2, 'test11', 'bb4d7bfaf646275ae675dac84f287051', 'c195b339f765d581d35490e96fc52157', 'gouveia.horacio+5665@gmail.com', 'Prueba', 'Del 1911', 1, 1, NULL, '2013-11-19 16:40:17', '2013-11-19 16:40:52', 8, 0, '', '', NULL),
(35, 2, 'test27', '6e546397d4b828549b71ec91a6bbe320', 'b4b034ef077d8ea3e6ad23a209e59040', 'gouveia.horaci+co@gmail.com', 'Usuario', 'de Compota', 1, 1, NULL, '2013-11-27 11:07:36', '2013-11-27 11:07:36', 55, 1, '', '', NULL),
(36, 2, 'test28', 'b015d29e3c85dcf39a603c2e09958650', '3d722d1d1c634db6db78cba85131e904', 'gouveia.+sadfhoracio@gmail.com', 'test', '28', 1, 1, NULL, '2013-11-27 11:08:05', '2013-11-27 11:08:05', 54, 1, '', '', NULL),
(37, 2, 'test0412', '72ab9a90ba7374a6620c8c655c11258d', '7480c6eac5f5a3f6848fbc7c73563c09', 'victorperez@gmail.com', 'Victor ', 'Perez', 1, 1, NULL, '2013-12-04 09:49:53', '2013-12-04 09:49:53', 52, 1, '232615', '435245', NULL),
(38, 1, 'test45', '57c44a1d739aa9125267cdb5db1a1705', 'e170850924d95b315022cbd624cdde1b', 'prueba@group.com', 'Prueba', 'Group', 1, 0, NULL, '2013-12-04 10:23:29', '2014-01-06 16:28:14', 60, 0, '362514', '145236', 1),
(39, 2, 'oscarsito', '806860ab56d5f9cabc3c5aa68f329f1f', '9fff48808c6d77cd15aae2b8800ddc1f', 'asdfg@asdfg.com', 'oscar', 'brandon', 1, 1, NULL, '2013-12-19 17:47:08', '2013-12-19 17:47:08', 8, 1, '21354', '213', 0),
(40, 3, 'admin_b', '7f5469fa822480b08c9a68713c347b06', 'e805fa616a3520bb7b47435fd409b2cb', 'admin_b@gmail.com', 'admin B', 'B', 1, 1, NULL, '2013-12-19 17:48:24', '2013-12-19 17:48:24', 31, 1, '123', '546', 0),
(41, 2, 'user17', '3405c472a4a05ba424ae329c46953292', 'bede0128ae51447e66d4bbc5b74bd454', 'gouveia.horacio+17@gmail.com', 'David', 'Mora', 1, 1, NULL, '2014-01-17 16:59:03', '2014-01-17 16:59:24', 8, 0, '584129484502', '584129484502', 0);

-- --------------------------------------------------------

--
-- Estructura de tabla para la tabla `user_groups`
--

CREATE TABLE IF NOT EXISTS `user_groups` (
  `id` int(11) NOT NULL AUTO_INCREMENT,
  `name` varchar(100) DEFAULT NULL,
  `alias_name` varchar(100) DEFAULT NULL,
  `allowRegistration` int(1) NOT NULL DEFAULT '1',
  `created` datetime DEFAULT NULL,
  `modified` datetime DEFAULT NULL,
  PRIMARY KEY (`id`)
) ENGINE=InnoDB  DEFAULT CHARSET=latin1 AUTO_INCREMENT=4 ;

--
-- Volcado de datos para la tabla `user_groups`
--

INSERT INTO `user_groups` (`id`, `name`, `alias_name`, `allowRegistration`, `created`, `modified`) VALUES
(1, 'Super', 'super', 0, '2013-09-25 13:27:49', '2013-10-02 14:36:10'),
(2, 'Usuario', 'User', 1, '2013-09-25 13:27:49', '2013-10-02 13:55:59'),
(3, 'Administrador', 'administrador', 0, '2013-09-25 13:27:49', '2013-12-12 16:47:24');

-- --------------------------------------------------------

--
-- Estructura de tabla para la tabla `user_group_permissions`
--

CREATE TABLE IF NOT EXISTS `user_group_permissions` (
  `id` int(10) unsigned NOT NULL AUTO_INCREMENT,
  `user_group_id` int(10) unsigned NOT NULL,
  `controller` varchar(50) CHARACTER SET latin1 COLLATE latin1_general_ci NOT NULL,
  `action` varchar(100) CHARACTER SET latin1 COLLATE latin1_general_ci NOT NULL,
  `allowed` tinyint(1) unsigned NOT NULL DEFAULT '1',
  PRIMARY KEY (`id`)
) ENGINE=InnoDB  DEFAULT CHARSET=latin1 AUTO_INCREMENT=229 ;

--
-- Volcado de datos para la tabla `user_group_permissions`
--

INSERT INTO `user_group_permissions` (`id`, `user_group_id`, `controller`, `action`, `allowed`) VALUES
(1, 1, 'Pages', 'display', 1),
(2, 2, 'Pages', 'display', 1),
(3, 3, 'Pages', 'display', 1),
(4, 1, 'UserGroupPermissions', 'index', 1),
(5, 2, 'UserGroupPermissions', 'index', 0),
(6, 3, 'UserGroupPermissions', 'index', 0),
(7, 1, 'UserGroupPermissions', 'update', 1),
(8, 2, 'UserGroupPermissions', 'update', 0),
(9, 3, 'UserGroupPermissions', 'update', 0),
(10, 1, 'UserGroups', 'index', 1),
(11, 2, 'UserGroups', 'index', 0),
(12, 3, 'UserGroups', 'index', 0),
(13, 1, 'UserGroups', 'addGroup', 1),
(14, 2, 'UserGroups', 'addGroup', 0),
(15, 3, 'UserGroups', 'addGroup', 0),
(16, 1, 'UserGroups', 'editGroup', 1),
(17, 2, 'UserGroups', 'editGroup', 0),
(18, 3, 'UserGroups', 'editGroup', 0),
(19, 1, 'UserGroups', 'deleteGroup', 1),
(20, 2, 'UserGroups', 'deleteGroup', 0),
(21, 3, 'UserGroups', 'deleteGroup', 0),
(22, 1, 'Users', 'index', 1),
(23, 2, 'Users', 'index', 0),
(24, 3, 'Users', 'index', 1),
(25, 1, 'Users', 'viewUser', 1),
(26, 2, 'Users', 'viewUser', 0),
(27, 3, 'Users', 'viewUser', 1),
(28, 1, 'Users', 'myprofile', 1),
(29, 2, 'Users', 'myprofile', 1),
(30, 3, 'Users', 'myprofile', 1),
(31, 1, 'Users', 'login', 1),
(32, 2, 'Users', 'login', 1),
(33, 3, 'Users', 'login', 1),
(34, 1, 'Users', 'logout', 1),
(35, 2, 'Users', 'logout', 1),
(36, 3, 'Users', 'logout', 1),
(37, 1, 'Users', 'register', 1),
(38, 2, 'Users', 'register', 0),
(39, 3, 'Users', 'register', 1),
(40, 1, 'Users', 'changePassword', 1),
(41, 2, 'Users', 'changePassword', 1),
(42, 3, 'Users', 'changePassword', 1),
(43, 1, 'Users', 'changeUserPassword', 1),
(44, 2, 'Users', 'changeUserPassword', 0),
(45, 3, 'Users', 'changeUserPassword', 1),
(46, 1, 'Users', 'addUser', 1),
(47, 2, 'Users', 'addUser', 0),
(48, 3, 'Users', 'addUser', 1),
(49, 1, 'Users', 'editUser', 1),
(50, 2, 'Users', 'editUser', 0),
(51, 3, 'Users', 'editUser', 1),
(52, 1, 'Users', 'dashboard', 1),
(53, 2, 'Users', 'dashboard', 1),
(54, 3, 'Users', 'dashboard', 1),
(55, 1, 'Users', 'deleteUser', 1),
(56, 2, 'Users', 'deleteUser', 0),
(57, 3, 'Users', 'deleteUser', 1),
(58, 1, 'Users', 'makeActive', 1),
(59, 2, 'Users', 'makeActive', 0),
(60, 3, 'Users', 'makeActive', 0),
(61, 1, 'Users', 'accessDenied', 1),
(62, 2, 'Users', 'accessDenied', 1),
(63, 3, 'Users', 'accessDenied', 1),
(64, 1, 'Users', 'userVerification', 1),
(65, 2, 'Users', 'userVerification', 1),
(66, 3, 'Users', 'userVerification', 1),
(67, 1, 'Users', 'forgotPassword', 1),
(68, 2, 'Users', 'forgotPassword', 1),
(69, 3, 'Users', 'forgotPassword', 1),
(70, 1, 'Users', 'makeActiveInactive', 1),
(71, 2, 'Users', 'makeActiveInactive', 0),
(72, 3, 'Users', 'makeActiveInactive', 1),
(73, 1, 'Users', 'verifyEmail', 1),
(74, 2, 'Users', 'verifyEmail', 0),
(75, 3, 'Users', 'verifyEmail', 1),
(76, 1, 'Users', 'activatePassword', 1),
(77, 2, 'Users', 'activatePassword', 1),
(78, 3, 'Users', 'activatePassword', 1),
(79, 1, 'Entities', 'index', 1),
(80, 2, 'Entities', 'index', 0),
(81, 3, 'Entities', 'index', 1),
(82, 1, 'Entities', 'children', 1),
(83, 2, 'Entities', 'children', 1),
(84, 3, 'Entities', 'children', 1),
(85, 1, 'Entities', 'add', 1),
(86, 2, 'Entities', 'add', 0),
(87, 3, 'Entities', 'add', 1),
(88, 1, 'Entities', 'delete', 1),
(89, 2, 'Entities', 'delete', 0),
(90, 3, 'Entities', 'delete', 1),
(91, 1, 'Users', 'addUser2', 0),
(92, 2, 'Users', 'addUser2', 0),
(93, 3, 'Users', 'addUser2', 0),
(94, 1, 'Users', 'emailVerification', 0),
(95, 2, 'Users', 'emailVerification', 0),
(96, 3, 'Users', 'emailVerification', 0),
(97, 1, 'Communications', 'index', 0),
(98, 2, 'Communications', 'index', 1),
(99, 3, 'Communications', 'index', 0),
(100, 1, 'Communications', 'add', 0),
(101, 2, 'Communications', 'add', 1),
(102, 3, 'Communications', 'add', 0),
(103, 1, 'Communications', 'reply', 0),
(104, 2, 'Communications', 'reply', 1),
(105, 3, 'Communications', 'reply', 0),
(106, 1, 'Communications', 'view', 0),
(107, 2, 'Communications', 'view', 1),
(108, 3, 'Communications', 'view', 0),
(109, 1, 'Communications', 'findUsersAndEntities', 0),
(110, 2, 'Communications', 'findUsersAndEntities', 1),
(111, 3, 'Communications', 'findUsersAndEntities', 0),
(112, 1, 'Communications', 'getNewCommunications', 0),
(113, 2, 'Communications', 'getNewCommunications', 1),
(114, 3, 'Communications', 'getNewCommunications', 0),
(115, 1, 'Communications', 'getNewInteractions', 0),
(116, 2, 'Communications', 'getNewInteractions', 1),
(117, 3, 'Communications', 'getNewInteractions', 0),
(118, 1, 'Tags', 'add', 0),
(119, 2, 'Tags', 'add', 1),
(120, 3, 'Tags', 'add', 0),
(121, 1, 'Tags', 'findTags', 0),
(122, 2, 'Tags', 'findTags', 1),
(123, 3, 'Tags', 'findTags', 0),
(124, 1, 'Tags', 'delete', 0),
(125, 2, 'Tags', 'delete', 1),
(126, 3, 'Tags', 'delete', 0),
(127, 1, 'Tags', 'index', 0),
(128, 2, 'Tags', 'index', 1),
(129, 3, 'Tags', 'index', 0),
(130, 1, 'Entities', 'find', 1),
(131, 2, 'Entities', 'find', 0),
(132, 3, 'Entities', 'find', 1),
(133, 1, 'Users', 'findUsers', 1),
(134, 2, 'Users', 'findUsers', 1),
(135, 3, 'Users', 'findUsers', 1),
(136, 1, 'Handler', 'index', 1),
(137, 2, 'Handler', 'index', 1),
(138, 3, 'Handler', 'index', 1),
(139, 1, 'FileUpload', 'index', 0),
(140, 2, 'FileUpload', 'index', 0),
(141, 3, 'FileUpload', 'index', 0),
(142, 1, 'Communications', 'redirection', 0),
(143, 2, 'Communications', 'redirection', 0),
(144, 3, 'Communications', 'redirection', 0),
(145, 1, 'Redirections', 'add', 0),
(146, 2, 'Redirections', 'add', 1),
(147, 3, 'Redirections', 'add', 0),
(148, 1, 'Redirections', 'delete', 0),
(149, 2, 'Redirections', 'delete', 1),
(150, 3, 'Redirections', 'delete', 0),
(151, 1, 'Redirections', 'index', 0),
(152, 2, 'Redirections', 'index', 1),
(153, 3, 'Redirections', 'index', 0),
(154, 1, 'Users', 'directory', 0),
(155, 2, 'Users', 'directory', 1),
(156, 3, 'Users', 'directory', 0),
(157, 1, 'Communications', 'download', 0),
(158, 2, 'Communications', 'download', 1),
(159, 3, 'Communications', 'download', 0),
(160, 1, 'Users', 'setPassword', 1),
(161, 2, 'Users', 'setPassword', 1),
(162, 3, 'Users', 'setPassword', 1),
(163, 1, 'Communications', 'documentsVisible', 0),
(164, 2, 'Communications', 'documentsVisible', 1),
(165, 3, 'Communications', 'documentsVisible', 0),
(166, 1, 'Communications', 'updateVisible', 0),
(167, 2, 'Communications', 'updateVisible', 0),
(168, 3, 'Communications', 'updateVisible', 0),
(169, 1, 'Entities', 'findAllPeople', 0),
(170, 2, 'Entities', 'findAllPeople', 1),
(171, 3, 'Entities', 'findAllPeople', 0),
(172, 1, 'CommunicationCategories', 'edit', 1),
(173, 2, 'CommunicationCategories', 'edit', 0),
(174, 3, 'CommunicationCategories', 'edit', 1),
(175, 1, 'CommunicationCategories', 'add', 1),
(176, 2, 'CommunicationCategories', 'add', 0),
(177, 3, 'CommunicationCategories', 'add', 1),
(178, 1, 'CommunicationCategories', 'index', 1),
(179, 2, 'CommunicationCategories', 'index', 0),
(180, 3, 'CommunicationCategories', 'index', 1),
(181, 1, 'CommunicationTypes', 'edit', 1),
(182, 2, 'CommunicationTypes', 'edit', 0),
(183, 3, 'CommunicationTypes', 'edit', 1),
(184, 1, 'CommunicationTypes', 'add', 1),
(185, 2, 'CommunicationTypes', 'add', 0),
(186, 3, 'CommunicationTypes', 'add', 1),
(187, 1, 'CommunicationTypes', 'index', 1),
(188, 2, 'CommunicationTypes', 'index', 0),
(189, 3, 'CommunicationTypes', 'index', 1),
(190, 1, 'Communications', 'documents', 1),
(191, 2, 'Communications', 'documents', 0),
(192, 3, 'Communications', 'documents', 1),
(193, 1, 'Formats', 'index', 1),
(194, 2, 'Formats', 'index', 0),
(195, 3, 'Formats', 'index', 1),
(196, 1, 'Formats', 'add', 1),
(197, 2, 'Formats', 'add', 0),
(198, 3, 'Formats', 'add', 1),
(199, 1, 'Formats', 'edit', 1),
(200, 2, 'Formats', 'edit', 0),
(201, 3, 'Formats', 'edit', 1),
(202, 1, 'Formats', 'updateVisible', 1),
(203, 2, 'Formats', 'updateVisible', 1),
(204, 3, 'Formats', 'updateVisible', 1),
(205, 1, 'Formats', 'documentsVisible', 1),
(206, 2, 'Formats', 'documentsVisible', 1),
(207, 3, 'Formats', 'documentsVisible', 1),
(208, 1, 'Communications', 'directory', 0),
(209, 2, 'Communications', 'directory', 1),
(210, 3, 'Communications', 'directory', 0),
(211, 1, 'Communications', 'draft', 0),
(212, 2, 'Communications', 'draft', 1),
(213, 3, 'Communications', 'draft', 0),
(214, 1, 'Traces', 'delete', 0),
(215, 2, 'Traces', 'delete', 1),
(216, 3, 'Traces', 'delete', 0),
(217, 1, 'CommunicationCategories', 'findByCommunicationTypeId', 0),
(218, 2, 'CommunicationCategories', 'findByCommunicationTypeId', 1),
(219, 3, 'CommunicationCategories', 'findByCommunicationTypeId', 0),
(220, 1, 'Communications', 'deletePreUpload', 0),
(221, 2, 'Communications', 'deletePreUpload', 1),
(222, 3, 'Communications', 'deletePreUpload', 0),
(223, 1, 'Communications', 'edit', 0),
(224, 2, 'Communications', 'edit', 1),
(225, 3, 'Communications', 'edit', 0),
(226, 1, 'Groups', 'findPeopleByGoup', 0),
(227, 2, 'Groups', 'findPeopleByGoup', 1),
(228, 3, 'Groups', 'findPeopleByGoup', 0);

/*!40101 SET CHARACTER_SET_CLIENT=@OLD_CHARACTER_SET_CLIENT */;
/*!40101 SET CHARACTER_SET_RESULTS=@OLD_CHARACTER_SET_RESULTS */;
/*!40101 SET COLLATION_CONNECTION=@OLD_COLLATION_CONNECTION */;
