-- phpMyAdmin SQL Dump
-- version 3.5.1
-- http://www.phpmyadmin.net
--
-- Servidor: localhost
-- Tiempo de generación: 01-11-2013 a las 18:03:35
-- Versión del servidor: 5.5.24-log
-- Versión de PHP: 5.4.3

SET SQL_MODE="NO_AUTO_VALUE_ON_ZERO";
SET time_zone = "+00:00";


/*!40101 SET @OLD_CHARACTER_SET_CLIENT=@@CHARACTER_SET_CLIENT */;
/*!40101 SET @OLD_CHARACTER_SET_RESULTS=@@CHARACTER_SET_RESULTS */;
/*!40101 SET @OLD_COLLATION_CONNECTION=@@COLLATION_CONNECTION */;
/*!40101 SET NAMES utf8 */;

--
-- Base de datos: `correspondencia`
--

-- --------------------------------------------------------

--
-- Estructura de tabla para la tabla `communications`
--

CREATE TABLE IF NOT EXISTS `communications` (
  `id` int(11) NOT NULL AUTO_INCREMENT,
  `entity_id` int(11) NOT NULL,
  `user_id` int(11) NOT NULL,
  `created` datetime NOT NULL,
  `modified` datetime NOT NULL,
  PRIMARY KEY (`id`)
) ENGINE=InnoDB  DEFAULT CHARSET=latin1 AUTO_INCREMENT=85 ;

--
-- Volcado de datos para la tabla `communications`
--

INSERT INTO `communications` (`id`, `entity_id`, `user_id`, `created`, `modified`) VALUES
(1, 3, 2, '2013-10-09 12:24:29', '2013-10-09 12:24:29'),
(2, 3, 2, '2013-10-09 14:56:27', '2013-10-09 14:56:27'),
(3, 3, 2, '2013-10-09 14:57:42', '2013-10-09 14:57:42'),
(4, 3, 2, '2013-10-09 14:58:36', '2013-10-09 14:58:36'),
(5, 3, 2, '2013-10-09 14:59:40', '2013-10-09 14:59:40'),
(6, 3, 2, '2013-10-09 15:03:32', '2013-10-09 15:03:32'),
(7, 3, 2, '2013-10-09 15:05:00', '2013-10-09 15:05:00'),
(8, 3, 2, '2013-10-09 15:05:36', '2013-10-09 15:05:36'),
(9, 3, 2, '2013-10-10 12:46:01', '2013-10-10 12:46:01'),
(10, 17, 17, '2013-10-10 12:50:34', '2013-10-10 12:50:34'),
(12, 3, 2, '2013-10-10 14:57:05', '2013-10-10 15:48:04'),
(13, 3, 2, '2013-10-10 16:36:47', '2013-10-10 16:36:47'),
(14, 3, 2, '2013-10-10 16:45:33', '2013-10-10 16:45:33'),
(15, 3, 2, '2013-10-10 17:03:28', '2013-10-10 17:03:28'),
(16, 3, 2, '2013-10-10 17:04:18', '2013-10-10 17:31:45'),
(17, 17, 17, '2013-10-11 11:45:41', '2013-10-11 11:45:41'),
(18, 3, 2, '2013-10-11 15:01:35', '2013-10-11 15:17:00'),
(19, 17, 17, '2013-10-11 15:20:20', '2013-10-16 16:27:32'),
(20, 3, 2, '2013-10-11 15:47:59', '2013-10-11 16:19:46'),
(21, 17, 17, '2013-10-11 16:18:25', '2013-10-11 16:18:25'),
(22, 17, 17, '2013-10-11 16:21:13', '2013-10-11 16:22:46'),
(23, 17, 17, '2013-10-11 16:35:03', '2013-10-11 17:56:48'),
(24, 17, 17, '2013-10-11 17:52:07', '2013-10-11 17:54:58'),
(25, 3, 2, '2013-10-15 16:28:49', '2013-10-15 17:35:15'),
(26, 3, 2, '2013-10-16 09:57:53', '2013-10-16 16:21:17'),
(27, 9, 23, '2013-10-16 10:12:59', '2013-10-16 16:20:26'),
(28, 9, 23, '2013-10-16 11:43:47', '2013-10-16 16:19:56'),
(41, 6, 18, '2013-10-16 16:37:33', '2013-10-16 16:37:33'),
(42, 6, 18, '2013-10-16 16:39:40', '2013-10-16 16:39:40'),
(43, 6, 18, '2013-10-16 16:40:35', '2013-10-16 16:40:35'),
(48, 6, 18, '2013-10-16 16:45:58', '2013-10-16 16:45:58'),
(49, 6, 18, '2013-10-16 16:47:12', '2013-10-16 16:47:12'),
(50, 6, 18, '2013-10-16 16:48:02', '2013-10-16 16:49:20'),
(51, 6, 18, '2013-10-16 16:50:59', '2013-10-16 16:52:01'),
(52, 17, 17, '2013-10-29 11:45:26', '2013-10-29 11:45:26'),
(53, 17, 17, '2013-10-30 11:07:03', '2013-10-30 11:07:03'),
(54, 17, 17, '2013-10-30 11:09:31', '2013-10-30 11:09:31'),
(55, 17, 17, '2013-10-30 11:13:02', '2013-10-30 11:13:02'),
(56, 17, 17, '2013-10-30 11:14:30', '2013-10-30 11:14:30'),
(57, 17, 17, '2013-10-30 11:16:00', '2013-10-30 11:16:00'),
(58, 17, 17, '2013-10-30 11:17:12', '2013-10-30 11:17:12'),
(59, 17, 17, '2013-10-30 11:20:54', '2013-10-30 11:20:54'),
(60, 17, 17, '2013-10-30 11:42:18', '2013-10-30 11:42:18'),
(61, 17, 17, '2013-10-30 11:43:15', '2013-10-30 11:43:15'),
(62, 17, 17, '2013-10-30 11:49:34', '2013-10-30 11:49:34'),
(63, 17, 17, '2013-10-30 11:53:12', '2013-10-30 11:53:12'),
(64, 17, 17, '2013-10-30 11:55:27', '2013-10-30 11:55:27'),
(65, 17, 17, '2013-10-30 11:56:34', '2013-10-30 11:56:34'),
(66, 17, 17, '2013-10-30 11:58:10', '2013-10-30 11:58:10'),
(67, 17, 17, '2013-10-30 11:59:53', '2013-10-30 11:59:53'),
(68, 17, 17, '2013-10-30 12:01:11', '2013-10-30 12:01:11'),
(69, 17, 17, '2013-10-30 12:01:26', '2013-10-30 12:01:26'),
(70, 17, 17, '2013-10-30 12:03:06', '2013-10-30 12:03:06'),
(71, 17, 17, '2013-10-30 12:21:56', '2013-10-30 12:21:56'),
(72, 17, 17, '2013-10-30 12:27:33', '2013-10-30 12:27:33'),
(73, 17, 17, '2013-10-30 12:33:32', '2013-10-30 12:33:32'),
(74, 17, 17, '2013-10-30 12:35:06', '2013-10-30 12:35:06'),
(75, 17, 17, '2013-10-30 12:39:20', '2013-10-30 12:39:20'),
(76, 17, 17, '2013-10-30 13:46:38', '2013-10-30 13:46:38'),
(77, 17, 17, '2013-10-30 13:51:02', '2013-10-30 13:51:02'),
(78, 17, 17, '2013-10-30 14:00:11', '2013-10-30 14:00:11'),
(79, 17, 17, '2013-10-30 14:00:53', '2013-10-30 14:00:53'),
(80, 17, 17, '2013-10-30 14:01:54', '2013-10-30 14:13:14'),
(81, 3, 2, '2013-11-01 09:49:39', '2013-11-01 11:32:31'),
(82, 17, 17, '2013-11-01 09:59:41', '2013-11-01 09:59:41'),
(83, 17, 17, '2013-11-01 11:36:11', '2013-11-01 11:41:41'),
(84, 3, 2, '2013-11-01 11:49:33', '2013-11-01 11:49:33');

-- --------------------------------------------------------

--
-- Estructura de tabla para la tabla `communication_tokens`
--

CREATE TABLE IF NOT EXISTS `communication_tokens` (
  `id` int(11) NOT NULL AUTO_INCREMENT,
  `communication_id` int(11) DEFAULT NULL,
  `user_id` int(11) DEFAULT NULL,
  PRIMARY KEY (`id`)
) ENGINE=InnoDB  DEFAULT CHARSET=latin1 AUTO_INCREMENT=283 ;

--
-- Volcado de datos para la tabla `communication_tokens`
--

INSERT INTO `communication_tokens` (`id`, `communication_id`, `user_id`) VALUES
(1, 1, 19),
(2, 1, 18),
(3, 1, 14),
(4, 2, 16),
(5, 3, 16),
(6, 4, 2),
(7, 5, 17),
(8, 6, 18),
(9, 7, 18),
(10, 8, 18),
(11, 8, 17),
(12, 8, 14),
(13, 8, 14),
(14, 8, 15),
(15, 8, 14),
(16, 8, 18),
(17, 8, 19),
(18, 8, 14),
(20, 8, 14),
(21, 8, 17),
(22, 8, 15),
(23, 8, 16),
(24, 8, 16),
(25, 9, 17),
(38, 12, 2),
(39, 13, 17),
(40, 14, 17),
(43, 16, 16),
(44, 17, 2),
(46, 18, 19),
(48, 18, 16),
(50, 18, 16),
(55, 19, 17),
(57, 21, 2),
(58, 20, 16),
(61, 22, 16),
(65, 24, 14),
(66, 23, 17),
(69, 25, 19),
(70, 25, 19),
(71, 26, 16),
(72, 26, 18),
(73, 26, 19),
(74, 26, 21),
(77, 26, 24),
(80, 26, 18),
(82, 28, 23),
(83, 48, 19),
(86, 51, 19),
(87, 52, 2),
(88, 53, 2),
(89, 53, 19),
(90, 60, 16),
(91, 60, 18),
(92, 60, 19),
(93, 60, 21),
(94, 60, 22),
(95, 60, 23),
(96, 60, 24),
(97, 61, 16),
(98, 61, 18),
(99, 61, 19),
(100, 61, 21),
(101, 61, 22),
(102, 61, 23),
(103, 61, 24),
(104, 62, 16),
(105, 62, 18),
(106, 62, 19),
(107, 62, 21),
(108, 62, 22),
(109, 62, 23),
(110, 62, 24),
(111, 63, 16),
(112, 63, 18),
(113, 63, 19),
(114, 63, 21),
(115, 63, 22),
(116, 63, 23),
(117, 63, 24),
(118, 64, 16),
(119, 64, 18),
(120, 64, 19),
(121, 64, 21),
(122, 64, 22),
(123, 64, 23),
(124, 64, 24),
(125, 65, 16),
(126, 65, 18),
(127, 65, 19),
(128, 65, 21),
(129, 65, 22),
(130, 65, 23),
(131, 65, 24),
(132, 67, 16),
(133, 67, 18),
(134, 67, 19),
(135, 67, 21),
(136, 67, 22),
(137, 67, 23),
(138, 67, 24),
(139, 68, 2),
(140, 69, 16),
(141, 69, 18),
(142, 69, 19),
(143, 69, 21),
(144, 69, 22),
(145, 69, 23),
(146, 69, 24),
(147, 70, 16),
(148, 70, 18),
(149, 70, 19),
(150, 70, 21),
(151, 70, 22),
(152, 70, 23),
(153, 70, 24),
(154, 71, 16),
(155, 71, 18),
(156, 71, 19),
(157, 71, 21),
(158, 71, 22),
(159, 71, 23),
(160, 71, 24),
(161, 72, 16),
(162, 72, 18),
(163, 72, 19),
(164, 72, 21),
(165, 72, 22),
(166, 72, 23),
(167, 72, 24),
(168, 72, 24),
(169, 73, 16),
(170, 73, 18),
(171, 73, 19),
(172, 73, 21),
(173, 73, 22),
(174, 73, 23),
(175, 73, 24),
(176, 74, 16),
(177, 74, 18),
(178, 74, 19),
(179, 74, 21),
(180, 74, 22),
(181, 74, 23),
(182, 74, 24),
(183, 75, 16),
(184, 75, 18),
(185, 75, 19),
(186, 75, 21),
(187, 75, 22),
(188, 75, 23),
(189, 75, 24),
(190, 75, 24),
(191, 76, 16),
(192, 76, 18),
(193, 76, 19),
(194, 76, 21),
(195, 76, 22),
(196, 76, 23),
(197, 76, 24),
(198, 77, 2),
(199, 77, 16),
(200, 77, 18),
(201, 77, 19),
(202, 77, 21),
(203, 77, 22),
(204, 77, 23),
(205, 77, 24),
(206, 78, 2),
(207, 78, 16),
(208, 78, 18),
(209, 78, 19),
(210, 78, 21),
(211, 78, 22),
(212, 78, 23),
(213, 78, 24),
(214, 79, NULL),
(215, 79, NULL),
(216, 79, NULL),
(217, 79, NULL),
(218, 79, NULL),
(219, 79, NULL),
(220, 79, NULL),
(221, 79, 2),
(222, 80, 16),
(223, 80, 18),
(224, 80, 19),
(225, 80, 21),
(226, 80, 22),
(227, 80, 23),
(228, 80, 24),
(231, 80, 16),
(232, 80, 18),
(233, 80, 19),
(234, 80, 21),
(235, 80, 22),
(236, 80, 23),
(237, 80, 24),
(239, 80, 16),
(240, 80, 18),
(241, 80, 19),
(242, 80, 21),
(243, 80, 22),
(244, 80, 23),
(245, 80, 24),
(246, 80, 2),
(248, 81, 16),
(249, 81, 18),
(250, 81, 19),
(251, 81, 21),
(252, 81, 22),
(253, 81, 23),
(254, 81, 24),
(256, 82, 16),
(257, 82, 18),
(258, 82, 19),
(259, 82, 21),
(260, 82, 22),
(261, 82, 23),
(262, 82, 24),
(263, 82, 2),
(264, 81, 17),
(265, 83, 16),
(266, 83, 18),
(267, 83, 19),
(268, 83, 21),
(269, 83, 22),
(270, 83, 23),
(271, 83, 24),
(274, 83, 16),
(275, 83, 18),
(276, 83, 19),
(277, 83, 21),
(278, 83, 22),
(279, 83, 23),
(280, 83, 24),
(281, 83, 2),
(282, 84, 17);

-- --------------------------------------------------------

--
-- Estructura de tabla para la tabla `communication_views`
--

CREATE TABLE IF NOT EXISTS `communication_views` (
  `id` int(11) NOT NULL AUTO_INCREMENT,
  `communication_id` int(11) NOT NULL DEFAULT '0',
  `user_id` int(11) NOT NULL DEFAULT '0',
  `last_view` datetime DEFAULT NULL,
  PRIMARY KEY (`id`)
) ENGINE=InnoDB  DEFAULT CHARSET=latin1 AUTO_INCREMENT=99 ;

--
-- Volcado de datos para la tabla `communication_views`
--

INSERT INTO `communication_views` (`id`, `communication_id`, `user_id`, `last_view`) VALUES
(1, 16, 2, '2013-10-15 16:30:58'),
(2, 16, 17, '2013-10-10 18:08:40'),
(3, 4, 2, '2013-10-11 11:38:52'),
(4, 17, 17, '2013-10-11 11:45:42'),
(5, 17, 2, '2013-10-15 13:28:55'),
(6, 18, 2, '2013-10-16 16:31:19'),
(7, 18, 17, '2013-10-11 16:19:15'),
(8, 18, 18, '2013-10-11 15:18:46'),
(9, 19, 17, '2013-10-29 11:44:48'),
(10, 19, 2, '2013-10-16 16:31:06'),
(11, 19, 18, '2013-10-11 15:29:41'),
(12, 20, 2, '2013-10-16 16:31:11'),
(13, 21, 17, '2013-10-11 16:18:25'),
(14, 20, 17, '2013-10-11 16:19:30'),
(15, 22, 17, '2013-10-11 16:22:33'),
(16, 22, 2, '2013-10-16 16:27:12'),
(17, 21, 2, '2013-10-11 16:21:43'),
(18, 23, 17, '2013-10-11 18:14:50'),
(19, 24, 17, '2013-10-11 17:56:06'),
(20, 24, 2, '2013-10-16 16:27:02'),
(21, 23, 2, '2013-10-16 16:27:07'),
(22, 14, 2, '2013-10-15 15:30:37'),
(23, 8, 2, '2013-10-15 15:17:18'),
(24, 25, 2, '2013-10-29 11:43:15'),
(25, 25, 17, '2013-10-29 11:44:40'),
(26, 26, 2, '2013-10-16 16:26:51'),
(27, 26, 18, '2013-10-16 10:07:15'),
(28, 26, 22, '2013-10-16 10:11:40'),
(29, 26, 23, '2013-10-16 11:43:09'),
(30, 27, 23, '2013-10-16 10:13:00'),
(31, 27, 2, '2013-10-29 11:43:09'),
(32, 28, 23, '2013-10-16 11:43:47'),
(33, 28, 2, '2013-10-29 11:43:06'),
(49, 48, 18, NULL),
(50, 50, 18, NULL),
(51, 50, 2, '2013-10-29 11:42:56'),
(52, 51, 18, NULL),
(53, 51, 2, '2013-10-29 11:42:46'),
(54, 52, 17, NULL),
(55, 52, 2, '2013-10-29 11:51:41'),
(56, 53, 17, NULL),
(57, 54, 17, NULL),
(58, 55, 17, NULL),
(59, 56, 17, NULL),
(60, 57, 17, NULL),
(61, 58, 17, NULL),
(62, 59, 17, NULL),
(63, 60, 17, NULL),
(64, 61, 17, '2013-10-30 11:44:23'),
(65, 53, 2, NULL),
(66, 62, 17, NULL),
(67, 63, 17, '2013-10-30 11:54:28'),
(68, 64, 17, NULL),
(69, 65, 17, NULL),
(70, 66, 17, NULL),
(71, 67, 17, NULL),
(72, 68, 17, NULL),
(73, 69, 17, NULL),
(74, 70, 17, NULL),
(75, 71, 17, '2013-10-30 12:27:13'),
(76, 72, 17, NULL),
(77, 73, 17, NULL),
(78, 74, 17, NULL),
(79, 75, 17, '2013-10-30 12:39:24'),
(80, 75, 2, '2013-10-30 13:43:52'),
(81, 76, 17, NULL),
(82, 77, 17, NULL),
(83, 78, 17, '2013-10-30 14:00:14'),
(84, 78, 2, '2013-10-30 14:01:33'),
(85, 79, 17, NULL),
(86, 80, 17, '2013-10-30 14:12:24'),
(87, 80, 2, '2013-10-30 14:13:22'),
(88, 68, 2, NULL),
(89, 10, 2, NULL),
(90, 81, 2, '2013-11-01 13:53:11'),
(91, 81, 17, '2013-11-01 11:33:15'),
(92, 82, 17, '2013-11-01 11:33:11'),
(93, 82, 2, '2013-11-01 10:33:35'),
(94, 82, 21, '2013-11-01 10:01:11'),
(95, 83, 17, '2013-11-01 11:41:10'),
(96, 83, 2, '2013-11-01 11:41:54'),
(97, 84, 2, '2013-11-01 12:11:58'),
(98, 84, 17, NULL);

-- --------------------------------------------------------

--
-- Estructura de tabla para la tabla `entities`
--

CREATE TABLE IF NOT EXISTS `entities` (
  `id` int(11) NOT NULL AUTO_INCREMENT,
  `name` varchar(255) NOT NULL,
  `description` text NOT NULL,
  `active` int(11) NOT NULL,
  `lft` int(11) NOT NULL,
  `rght` int(11) NOT NULL,
  `parent_id` int(11) NOT NULL,
  PRIMARY KEY (`id`)
) ENGINE=InnoDB  DEFAULT CHARSET=latin1 AUTO_INCREMENT=54 ;

--
-- Volcado de datos para la tabla `entities`
--

INSERT INTO `entities` (`id`, `name`, `description`, `active`, `lft`, `rght`, `parent_id`) VALUES
(1, 'Entidades', 'nada', 1, 1, 106, 0),
(2, 'Ministerio de infraestructura', 'destruir calles', 1, 2, 15, 1),
(3, 'Ministerio de Hacienda', 'haciendas', 1, 16, 17, 1),
(4, 'Ministerio de Minas', 'las minas', 1, 18, 61, 1),
(5, 'Despacho de Bienes', 'biens', 1, 3, 12, 2),
(6, 'Despacho de Obras', 'obras', 1, 13, 14, 2),
(7, 'Servicios', 'descripcion', 1, 4, 9, 5),
(8, 'Entidad A', 'descipcion de la entidad A', 1, 5, 6, 7),
(9, 'Finanzas', 'descripcion de la entidad de finanzas', 1, 10, 11, 5),
(10, 'Excabacion Maritima', 'descripcion de la excabacion', 1, 19, 38, 4),
(11, 'sadf', 'asdf sdf', 1, 20, 29, 10),
(12, 'sdfsdfsdf', 'sfdsdfs fsdf sdf', 1, 21, 22, 11),
(13, 'fsdfsdf', 'asdfasdfasdf asdf', 1, 30, 33, 10),
(14, 'ABC', 'sdfs', 1, 23, 24, 11),
(15, 'AABBCC', 'dsfaf', 1, 25, 26, 11),
(16, 'La cosa', 'sdf', 1, 27, 28, 11),
(17, 'La marina', 'asdf', 1, 34, 35, 10),
(18, 'Hola A', 'asdfasdf', 1, 36, 37, 10),
(19, 'Excabacion Terrestre', 'asfd', 1, 39, 54, 4),
(20, 'Division A', 'sdfsdf', 1, 40, 53, 19),
(21, 'Division A1', 'sdfsadf', 1, 41, 52, 20),
(22, 'Division A1a', 'sdf', 1, 42, 51, 21),
(23, 'Division B', 'asdf', 1, 31, 32, 13),
(24, 'Division n', 'asdf', 1, 43, 50, 22),
(25, 'Division N1', 'sdf', 1, 44, 49, 24),
(26, 'Division n1-2', '', 1, 45, 48, 25),
(27, 'Division N1-2-1', 'sdf', 1, 46, 47, 26),
(28, 'Excabacion Aerea', 'asdf', 1, 55, 60, 4),
(29, 'Division 1', 'sdf', 1, 56, 59, 28),
(30, 'Division 12', 'sdf', 1, 57, 58, 29),
(31, 'Ministerio de Agricultura', 'sdf', 1, 62, 63, 1),
(32, 'Ministerio del Deporte', 'sdf', 0, 64, 81, 1),
(33, 'Ministerio de la Salud', '', 1, 82, 83, 1),
(34, 'Ministerio de la Calidad de los Ministerios', 'sdf', 1, 84, 87, 1),
(35, 'Ministerio de la Mujer', 'asd', 0, 88, 93, 1),
(36, 'Despacho de las cuaimas', 'sdf', 1, 89, 92, 35),
(37, 'Menores de 16', 'sdf', 1, 90, 91, 36),
(38, 'Depuracion', 'dfsdf', 1, 85, 86, 34),
(39, 'Bicicletas', '21zsfd', 1, 65, 66, 32),
(40, 'Motos', 'asdf', 1, 67, 68, 32),
(41, 'Natacion', '2131dsf', 1, 69, 70, 32),
(42, 'Baseball', 'sdf sdf ', 1, 71, 72, 32),
(43, 'Cayoning', 'adsf asfd', 1, 73, 74, 32),
(44, 'Nado Sincronizado', 'sdf ', 1, 75, 76, 32),
(45, 'perol', 'sdf', 1, 77, 78, 32),
(46, 'ababa', '', 1, 79, 80, 32),
(47, 'Ministerio A', 'sdf ', 1, 94, 95, 1),
(48, 'Ministerio B', 'asdf ', 1, 96, 97, 1),
(49, 'Ministerio C', 'sdf afd', 1, 98, 99, 1),
(50, 'Ministerio D', 'sdf ', 1, 100, 101, 1),
(51, 'Ministerio D', 'sfg ', 1, 102, 105, 1),
(52, 'Ejemplo AA', 'zlkfsdf ', 1, 7, 8, 7),
(53, 'QWAS', 'asd', 1, 103, 104, 51);

-- --------------------------------------------------------

--
-- Estructura de tabla para la tabla `login_tokens`
--

CREATE TABLE IF NOT EXISTS `login_tokens` (
  `id` int(11) NOT NULL AUTO_INCREMENT,
  `user_id` int(11) NOT NULL,
  `token` char(32) NOT NULL,
  `duration` varchar(32) NOT NULL,
  `used` tinyint(1) NOT NULL DEFAULT '0',
  `created` datetime NOT NULL,
  `expires` datetime NOT NULL,
  PRIMARY KEY (`id`)
) ENGINE=MyISAM  DEFAULT CHARSET=utf8 AUTO_INCREMENT=3 ;

-- --------------------------------------------------------

--
-- Estructura de tabla para la tabla `messages`
--

CREATE TABLE IF NOT EXISTS `messages` (
  `id` int(11) NOT NULL AUTO_INCREMENT,
  `title` varchar(255) NOT NULL,
  `content` text,
  `created` datetime NOT NULL,
  `modified` datetime NOT NULL,
  PRIMARY KEY (`id`)
) ENGINE=InnoDB  DEFAULT CHARSET=latin1 AUTO_INCREMENT=121 ;

--
-- Volcado de datos para la tabla `messages`
--

INSERT INTO `messages` (`id`, `title`, `content`, `created`, `modified`) VALUES
(1, 'Prueba de token de comunicacion', '&nbsp;cuerpo de la comunicacion con token<div><br></div><div style="text-align: center;"><font face="Courier" size="5" color="#f83a22"><b><i><u><strike>CHAO</strike></u></i></b></font></div><div style="text-align: center;"><a href="http://localhost/AIG_mensajeria/communications/www.jehogo.com" style="color: rgb(42, 100, 150); text-decoration: underline; outline: 0px; text-align: start;">www.jehogo.com</a><font face="Courier" size="5" color="#f83a22"><b><i><u><strike><br></strike></u></i></b></font></div>', '2013-10-09 12:24:29', '2013-10-09 12:24:29'),
(2, 'Comunicacion de Prueba', 'Contenido de la comunicacion de prueba', '2013-10-09 14:56:27', '2013-10-09 14:56:27'),
(3, 'ASunto A', '<blockquote style="margin: 0 0 0 40px; border: none; padding: 0px;">contenido del asunto A</blockquote>', '2013-10-09 14:57:42', '2013-10-09 14:57:42'),
(4, 'asdf', 'asdf', '2013-10-09 14:58:36', '2013-10-09 14:58:36'),
(5, 'Para rosa', 'pra rosa cuerpo', '2013-10-09 14:59:40', '2013-10-09 14:59:40'),
(6, 'para Fabian', 'mensaje', '2013-10-09 15:03:32', '2013-10-09 15:03:32'),
(7, 'asunto d', 'asdf', '2013-10-09 15:05:00', '2013-10-09 15:05:00'),
(8, 'ultimo para fabian', 'sdf', '2013-10-09 15:05:36', '2013-10-09 15:05:36'),
(9, 'ultimo para fabian', 'Respuesta', '2013-10-09 15:57:20', '2013-10-09 15:57:20'),
(10, 'ultimo para fabian', 'Rosa Melano', '2013-10-09 15:59:32', '2013-10-09 15:59:32'),
(11, 'ultimo para fabian', 'Repuesta cosa le adjunte el curso de css3<div><br></div><div><font color="#f83a22"><b>chao</b></font></div>', '2013-10-09 16:15:58', '2013-10-09 16:15:58'),
(12, 'ultimo para fabian', 'respuesta&nbsp;', '2013-10-09 16:18:23', '2013-10-09 16:18:23'),
(13, 'ultimo para fabian', 'chao', '2013-10-09 16:33:30', '2013-10-09 16:33:30'),
(14, 'ultimo para fabian', 'sfdsdfs', '2013-10-09 17:18:16', '2013-10-09 17:18:16'),
(15, 'ultimo para fabian', 'HOLAA 4:50', '2013-10-09 17:20:56', '2013-10-09 17:20:56'),
(16, 'ultimo para fabian', 'Prueba', '2013-10-09 17:37:09', '2013-10-09 17:37:09'),
(17, 'ultimo para fabian', 'sfadfadf', '2013-10-09 17:38:53', '2013-10-09 17:38:53'),
(18, 'ultimo para fabian', 'horacio', '2013-10-09 17:39:50', '2013-10-09 17:39:50'),
(19, 'ultimo para fabian', '<font color="#4986e7">Hola Mundo! en español&nbsp;</font><div><font color="#fa573c">Hello World! in english</font></div>', '2013-10-09 17:47:18', '2013-10-09 17:47:18'),
(20, 'ultimo para fabian', 'asdfasdf', '2013-10-09 17:49:03', '2013-10-09 17:49:03'),
(21, 'ultimo para fabian', 'dsfasdf', '2013-10-09 17:50:45', '2013-10-09 17:50:45'),
(22, 'ultimo para fabian', 'Hola Pepe Grillo', '2013-10-09 17:52:47', '2013-10-09 17:52:47'),
(23, 'Lapiz Mongol', 'Cuerpo del Mensaje', '2013-10-10 12:46:01', '2013-10-10 12:46:01'),
(24, 'Callar', 'Cuerpo del mensaje', '2013-10-10 12:50:34', '2013-10-10 12:50:34'),
(25, 'Callar', 'gracias Rosa', '2013-10-10 14:38:10', '2013-10-10 14:38:10'),
(26, 'Callar', 'ok esta bien', '2013-10-10 14:39:50', '2013-10-10 14:39:50'),
(27, 'Callar', 'sdfsdf', '2013-10-10 14:40:50', '2013-10-10 14:40:50'),
(28, 'Callar', 'chao', '2013-10-10 14:42:50', '2013-10-10 14:42:50'),
(29, 'Callar', 'asdfsdf', '2013-10-10 14:44:28', '2013-10-10 14:44:28'),
(30, 'Comunicacion A', 'sdfsdf', '2013-10-10 14:57:05', '2013-10-10 14:57:05'),
(31, 'Comunicacion A', 'hola', '2013-10-10 14:58:46', '2013-10-10 14:58:46'),
(32, 'Comunicacion A', 'asdfsadf', '2013-10-10 15:00:00', '2013-10-10 15:00:00'),
(33, 'Comunicacion A', 'sadfsdf', '2013-10-10 15:33:04', '2013-10-10 15:33:04'),
(34, 'Comunicacion A', 'sdfgsdfg', '2013-10-10 15:43:54', '2013-10-10 15:43:54'),
(35, 'Comunicacion A', 'sdfsdf', '2013-10-10 15:44:51', '2013-10-10 15:44:51'),
(36, 'Comunicacion A', 'pedro', '2013-10-10 15:47:11', '2013-10-10 15:47:11'),
(37, 'Comunicacion A', 'sdfsdf', '2013-10-10 15:48:04', '2013-10-10 15:48:04'),
(38, 'Prueba de View', 'Perolito', '2013-10-10 16:36:48', '2013-10-10 16:36:48'),
(39, 'asunto', 'sdf sd', '2013-10-10 16:45:33', '2013-10-10 16:45:33'),
(40, 'ASunto ', 'sfgsdfg', '2013-10-10 17:04:18', '2013-10-10 17:04:18'),
(41, 'ASunto ', 'POsiblemente', '2013-10-10 17:04:53', '2013-10-10 17:04:53'),
(42, 'ASunto ', '<blockquote style="margin: 0 0 0 40px; border: none; padding: 0px;">asdkhfsadf&nbsp;</blockquote>', '2013-10-10 17:31:45', '2013-10-10 17:31:45'),
(43, 'Comunicacion de prueba para las notificaciones', 'Cuerpo del mensaje', '2013-10-11 11:45:42', '2013-10-11 11:45:42'),
(44, 'asuntox', 'asfd', '2013-10-11 15:01:35', '2013-10-11 15:01:35'),
(45, 'asuntox', 'asdfasdf', '2013-10-11 15:03:08', '2013-10-11 15:03:08'),
(46, 'asuntox', 'sfsdf', '2013-10-11 15:13:39', '2013-10-11 15:13:39'),
(47, 'asuntox', 'dfsadf', '2013-10-11 15:17:00', '2013-10-11 15:17:00'),
(48, 'el raton perez', 'dsfgsdfg', '2013-10-11 15:20:20', '2013-10-11 15:20:20'),
(49, 'el raton perez', 'asdfasdf', '2013-10-11 15:21:02', '2013-10-11 15:21:02'),
(50, 'el raton perez', 'perolinasdf', '2013-10-11 15:24:24', '2013-10-11 15:24:24'),
(51, 'el raton perez', 'Chao', '2013-10-11 15:33:03', '2013-10-11 15:33:03'),
(52, 'Prueba para la prueba', 'kjksdf', '2013-10-11 15:47:59', '2013-10-11 15:47:59'),
(53, 'Prueba de nuevo mensaje', 'mensaje nuevooo', '2013-10-11 16:18:25', '2013-10-11 16:18:25'),
(54, 'Prueba para la prueba', 'asdfsadf', '2013-10-11 16:19:46', '2013-10-11 16:19:46'),
(55, 'Prueba de la comunicacion con notificacion', 'asdfsadf', '2013-10-11 16:21:13', '2013-10-11 16:21:13'),
(56, 'Prueba de la comunicacion con notificacion', 'sdfsafdg', '2013-10-11 16:22:02', '2013-10-11 16:22:02'),
(57, 'Prueba de la comunicacion con notificacion', 'asdfasdf', '2013-10-11 16:22:46', '2013-10-11 16:22:46'),
(58, 'ASunto PAis', 'sfdasfg', '2013-10-11 16:35:03', '2013-10-11 16:35:03'),
(59, 'Ayer fue el cumpleaños de Eduardo', 'asdfasdf', '2013-10-11 17:52:07', '2013-10-11 17:52:07'),
(60, 'Ayer fue el cumpleaños de Eduardo', 'sadfasdf', '2013-10-11 17:54:18', '2013-10-11 17:54:18'),
(61, 'Ayer fue el cumpleaños de Eduardo', 'pedro asdf', '2013-10-11 17:54:58', '2013-10-11 17:54:58'),
(62, 'ASunto PAis', 'sdfsdf', '2013-10-11 17:56:49', '2013-10-11 17:56:49'),
(63, 'Hola Rosa', 'te envio el documento adjunto', '2013-10-15 16:28:49', '2013-10-15 16:28:49'),
(64, 'Hola Rosa', 'repondido', '2013-10-15 16:56:58', '2013-10-15 16:56:58'),
(65, 'Hola Rosa', '', '2013-10-15 17:35:15', '2013-10-15 17:35:15'),
(66, 'Correo multipersonas', 'Correo para todo el equipo del Ministerio de Infraestructura', '2013-10-16 09:57:53', '2013-10-16 09:57:53'),
(67, 'Correo multipersonas', 'perol', '2013-10-16 10:11:50', '2013-10-16 10:11:50'),
(68, 'perolito y escarlata', 'sdf', '2013-10-16 10:13:00', '2013-10-16 10:13:00'),
(69, 'Correo multipersonas', 'sadfasdf', '2013-10-16 10:13:44', '2013-10-16 10:13:44'),
(70, 'Asunto del mensaje nuevo', '<div style="text-align: center;"><span style="line-height: 1.5;">cuerpo del mensaje nuevo</span></div>', '2013-10-16 11:43:47', '2013-10-16 11:43:47'),
(71, 'Asunto del mensaje nuevo', 'Respuesta fue para Finanzas', '2013-10-16 16:19:56', '2013-10-16 16:19:56'),
(75, 'asdfasdf', 'asdf', '2013-10-16 16:45:58', '2013-10-16 16:45:58'),
(76, 'MEnsaje para el reply de error', 'asdfadsf', '2013-10-16 16:48:02', '2013-10-16 16:48:02'),
(78, 'Nuevo mensaje para el error', 'sfdasdf', '2013-10-16 16:50:59', '2013-10-16 16:50:59'),
(80, 'Nuevo mensaje para el error', 'toma la respuesta', '2013-10-16 16:52:01', '2013-10-16 16:52:01'),
(81, 'Prueba de envio', 'contenido de la prueba de envio', '2013-10-29 11:45:26', '2013-10-29 11:45:26'),
(82, 'Prueba de redireccion', 'textooo', '2013-10-30 11:07:03', '2013-10-30 11:07:03'),
(83, 'Prueba de redireccionar', 'asdf', '2013-10-30 11:09:31', '2013-10-30 11:09:31'),
(84, 'prueba 2', 'sfd', '2013-10-30 11:13:02', '2013-10-30 11:13:02'),
(85, 'sdfsdf', 'sadgsdf', '2013-10-30 11:14:30', '2013-10-30 11:14:30'),
(86, 'asdf', 'asdf', '2013-10-30 11:16:00', '2013-10-30 11:16:00'),
(87, 'sdf', 'asdf', '2013-10-30 11:17:12', '2013-10-30 11:17:12'),
(88, 'prueba ds', 'sdfadf', '2013-10-30 11:20:54', '2013-10-30 11:20:54'),
(89, 'prueba redireccionamiento', 'sdfasdf', '2013-10-30 11:42:18', '2013-10-30 11:42:18'),
(90, 'prueba ABC', 'sdfsdf', '2013-10-30 11:43:15', '2013-10-30 11:43:15'),
(91, 'asdfsadf', '', '2013-10-30 11:49:34', '2013-10-30 11:49:34'),
(92, 'prueba n', 'sdfasdf', '2013-10-30 11:53:12', '2013-10-30 11:53:12'),
(93, 'asasas', 'sadfsfdasdf', '2013-10-30 11:55:27', '2013-10-30 11:55:27'),
(94, 'ppopopop', 'jhksadf', '2013-10-30 11:56:35', '2013-10-30 11:56:35'),
(95, 'sdfasd', 'asdfsd', '2013-10-30 11:58:10', '2013-10-30 11:58:10'),
(96, 'asuntox', 'afadf', '2013-10-30 11:59:54', '2013-10-30 11:59:54'),
(97, 'asuntox', 'asdfasdf', '2013-10-30 12:01:11', '2013-10-30 12:01:11'),
(98, 'peroll', 'asdf', '2013-10-30 12:01:26', '2013-10-30 12:01:26'),
(99, 'peorl', 'sdfasdf', '2013-10-30 12:03:06', '2013-10-30 12:03:06'),
(100, 'Prueba de REENVIOOOOOa', 'sdfsdf', '2013-10-30 12:21:56', '2013-10-30 12:21:56'),
(101, 'ahora para un usuario', 'sdf', '2013-10-30 12:27:33', '2013-10-30 12:27:33'),
(102, 'perolio', 'sadf', '2013-10-30 12:33:32', '2013-10-30 12:33:32'),
(103, 'aunto p', 'sdf', '2013-10-30 12:35:06', '2013-10-30 12:35:06'),
(104, 'asdfkjh', 'safdsdfgdfgdfg', '2013-10-30 12:39:20', '2013-10-30 12:39:20'),
(105, 'prueba', 'asdf', '2013-10-30 13:46:39', '2013-10-30 13:46:39'),
(106, 'asdasd', 'asdfad', '2013-10-30 13:51:02', '2013-10-30 13:51:02'),
(107, 'jgjhghjhjgjhg', '<blockquote style="margin: 0 0 0 40px; border: none; padding: 0px;">hjgjhhjgjszdfhjshdf shdfkj sdfkjs dkjf hsakdjf ksjdfh&nbsp;</blockquote>', '2013-10-30 14:00:11', '2013-10-30 14:00:11'),
(108, 'ksjkdkfas df pruebaaaa', 'sdfsdf', '2013-10-30 14:00:53', '2013-10-30 14:00:53'),
(109, 'perolito', 'y escarlata', '2013-10-30 14:01:54', '2013-10-30 14:01:54'),
(110, 'perolito', 'te paso la pelota', '2013-10-30 14:12:13', '2013-10-30 14:12:13'),
(111, 'perolito', 'de nuevo para tii', '2013-10-30 14:12:41', '2013-10-30 14:12:41'),
(112, 'perolito', 'de nuevo para ti pero por nombre', '2013-10-30 14:13:14', '2013-10-30 14:13:14'),
(113, 'prueba', 'sdfsdg', '2013-11-01 09:49:39', '2013-11-01 09:49:39'),
(114, 'prueba', 'prueba', '2013-11-01 09:50:30', '2013-11-01 09:50:30'),
(115, 'prueba de redireccion', 'holaa', '2013-11-01 09:59:41', '2013-11-01 09:59:41'),
(116, 'prueba', 'respuesta', '2013-11-01 11:32:31', '2013-11-01 11:32:31'),
(117, 'prueba de noviembre', 'asdfasdfasdf df', '2013-11-01 11:36:11', '2013-11-01 11:36:11'),
(118, 'prueba de noviembre', 'asdfasdf', '2013-11-01 11:37:31', '2013-11-01 11:37:31'),
(119, 'prueba de noviembre', 'asdfasdf', '2013-11-01 11:41:41', '2013-11-01 11:41:41'),
(120, 'prueba sin espacios', 'sadfasdf', '2013-11-01 11:49:33', '2013-11-01 11:49:33');

-- --------------------------------------------------------

--
-- Estructura de tabla para la tabla `redirections`
--

CREATE TABLE IF NOT EXISTS `redirections` (
  `id` int(11) NOT NULL AUTO_INCREMENT,
  `from_user_id` int(11) NOT NULL,
  `to_user_id` int(11) NOT NULL,
  PRIMARY KEY (`id`)
) ENGINE=InnoDB  DEFAULT CHARSET=latin1 AUTO_INCREMENT=79 ;

--
-- Volcado de datos para la tabla `redirections`
--

INSERT INTO `redirections` (`id`, `from_user_id`, `to_user_id`) VALUES
(72, 2, 16),
(73, 2, 18),
(74, 2, 19),
(75, 2, 21),
(76, 2, 22),
(77, 2, 23),
(78, 2, 24);

-- --------------------------------------------------------

--
-- Estructura de tabla para la tabla `tags`
--

CREATE TABLE IF NOT EXISTS `tags` (
  `id` int(11) NOT NULL AUTO_INCREMENT,
  `name` varchar(127) NOT NULL,
  `communication_id` int(11) NOT NULL,
  `user_id` int(11) NOT NULL,
  `created` datetime NOT NULL,
  `modified` datetime NOT NULL,
  PRIMARY KEY (`id`)
) ENGINE=InnoDB  DEFAULT CHARSET=latin1 AUTO_INCREMENT=391 ;

--
-- Volcado de datos para la tabla `tags`
--

INSERT INTO `tags` (`id`, `name`, `communication_id`, `user_id`, `created`, `modified`) VALUES
(1, 'tag', 24, 2, '2013-10-14 15:34:34', '2013-10-14 15:34:34'),
(2, 'perol', 24, 2, '2013-10-14 15:38:39', '2013-10-14 15:38:39'),
(379, 'map', 24, 2, '2013-10-14 18:32:48', '2013-10-14 18:32:48'),
(380, 'abc', 24, 2, '2013-10-14 18:33:36', '2013-10-14 18:33:36'),
(384, 'tag', 23, 2, '2013-10-15 09:28:38', '2013-10-15 09:28:38'),
(386, 'importante', 17, 2, '2013-10-15 13:29:00', '2013-10-15 13:29:00'),
(387, 'importante', 14, 2, '2013-10-15 15:30:44', '2013-10-15 15:30:44'),
(388, 'importante', 16, 2, '2013-10-15 15:31:02', '2013-10-15 15:31:02'),
(389, 'verificar', 16, 2, '2013-10-15 16:31:10', '2013-10-15 16:31:10'),
(390, 'multipersonas', 26, 2, '2013-10-16 10:14:28', '2013-10-16 10:14:28');

-- --------------------------------------------------------

--
-- Estructura de tabla para la tabla `traces`
--

CREATE TABLE IF NOT EXISTS `traces` (
  `id` int(11) NOT NULL AUTO_INCREMENT,
  `communication_id` int(11) NOT NULL,
  `message_id` int(11) NOT NULL,
  `sender_user_id` int(11) NOT NULL,
  `receive_user_id` int(11) NOT NULL,
  `sender_entity_id` int(11) NOT NULL,
  `receive_entity_id` int(11) NOT NULL,
  `read` int(11) NOT NULL DEFAULT '0',
  `read_datatime` datetime DEFAULT NULL,
  `created` datetime NOT NULL,
  `modified` datetime NOT NULL,
  PRIMARY KEY (`id`)
) ENGINE=InnoDB  DEFAULT CHARSET=latin1 AUTO_INCREMENT=230 ;

--
-- Volcado de datos para la tabla `traces`
--

INSERT INTO `traces` (`id`, `communication_id`, `message_id`, `sender_user_id`, `receive_user_id`, `sender_entity_id`, `receive_entity_id`, `read`, `read_datatime`, `created`, `modified`) VALUES
(1, 1, 1, 2, 19, 3, 8, 0, NULL, '2013-10-09 12:24:30', '2013-10-09 12:24:30'),
(2, 2, 2, 2, 16, 3, 6, 0, NULL, '2013-10-09 14:56:27', '2013-10-09 14:56:27'),
(3, 3, 3, 2, 16, 3, 6, 0, NULL, '2013-10-09 14:57:42', '2013-10-09 14:57:42'),
(4, 4, 4, 2, 2, 3, 3, 1, '2013-10-11 11:38:52', '2013-10-09 14:58:37', '2013-10-09 14:58:37'),
(5, 5, 5, 2, 17, 3, 17, 1, '2013-10-10 11:38:49', '2013-10-09 14:59:40', '2013-10-09 14:59:40'),
(6, 6, 6, 2, 18, 3, 6, 0, NULL, '2013-10-09 15:03:32', '2013-10-09 15:03:32'),
(7, 7, 7, 2, 18, 3, 6, 0, NULL, '2013-10-09 15:05:00', '2013-10-09 15:05:00'),
(8, 8, 8, 2, 18, 3, 6, 0, NULL, '2013-10-09 15:05:36', '2013-10-09 15:05:36'),
(9, 8, 10, 2, 17, 3, 17, 1, '2013-10-10 11:38:56', '2013-10-09 15:59:32', '2013-10-09 15:59:32'),
(10, 8, 11, 2, 14, 3, 38, 0, NULL, '2013-10-09 16:15:58', '2013-10-09 16:15:58'),
(11, 8, 12, 2, 14, 3, 38, 0, NULL, '2013-10-09 16:18:23', '2013-10-09 16:18:23'),
(12, 8, 13, 2, 15, 3, 38, 0, NULL, '2013-10-09 16:33:30', '2013-10-09 16:33:30'),
(13, 8, 14, 2, 14, 3, 38, 0, NULL, '2013-10-09 17:18:16', '2013-10-09 17:18:16'),
(14, 8, 15, 2, 18, 3, 6, 0, NULL, '2013-10-09 17:20:56', '2013-10-09 17:20:56'),
(15, 8, 16, 2, 19, 3, 8, 0, NULL, '2013-10-09 17:37:09', '2013-10-09 17:37:09'),
(16, 8, 17, 2, 14, 3, 38, 0, NULL, '2013-10-09 17:38:53', '2013-10-09 17:38:53'),
(17, 8, 18, 2, 2, 3, 3, 1, '2013-10-15 15:17:18', '2013-10-09 17:39:51', '2013-10-09 17:39:51'),
(18, 8, 19, 2, 14, 3, 38, 0, NULL, '2013-10-09 17:47:18', '2013-10-09 17:47:18'),
(19, 8, 19, 2, 17, 3, 17, 1, '2013-10-10 11:38:56', '2013-10-09 17:47:18', '2013-10-09 17:47:18'),
(20, 8, 19, 2, 15, 3, 38, 0, NULL, '2013-10-09 17:47:18', '2013-10-09 17:47:18'),
(21, 8, 20, 2, 16, 3, 6, 0, NULL, '2013-10-09 17:49:03', '2013-10-09 17:49:03'),
(22, 8, 22, 2, 16, 3, 6, 0, NULL, '2013-10-09 17:52:47', '2013-10-09 17:52:47'),
(23, 9, 23, 2, 17, 3, 17, 1, '2013-10-10 12:48:25', '2013-10-10 12:46:01', '2013-10-10 12:46:01'),
(24, 10, 24, 17, 2, 17, 3, 1, '2013-11-01 09:49:16', '2013-10-10 12:50:34', '2013-10-10 12:50:34'),
(25, 10, 25, 2, 17, 3, 17, 1, '2013-10-10 14:54:57', '2013-10-10 14:38:10', '2013-10-10 14:38:10'),
(26, 10, 26, 17, 2, 17, 3, 1, '2013-11-01 09:49:16', '2013-10-10 14:39:50', '2013-10-10 14:39:50'),
(27, 10, 27, 2, 17, 3, 17, 1, '2013-10-10 14:54:57', '2013-10-10 14:40:50', '2013-10-10 14:40:50'),
(28, 10, 28, 17, 2, 17, 3, 1, '2013-11-01 09:49:16', '2013-10-10 14:42:51', '2013-10-10 14:42:51'),
(29, 10, 29, 2, 17, 3, 17, 1, '2013-10-10 14:54:57', '2013-10-10 14:44:28', '2013-10-10 14:44:28'),
(30, 12, 30, 2, 17, 3, 17, 1, '2013-10-10 15:47:54', '2013-10-10 14:57:06', '2013-10-10 14:57:06'),
(31, 12, 31, 17, 2, 17, 3, 1, '2013-10-10 15:48:47', '2013-10-10 14:58:46', '2013-10-10 14:58:46'),
(32, 12, 32, 2, 17, 3, 17, 1, '2013-10-10 15:47:54', '2013-10-10 15:00:00', '2013-10-10 15:00:00'),
(33, 12, 33, 17, 2, 17, 3, 1, '2013-10-10 15:48:47', '2013-10-10 15:33:04', '2013-10-10 15:33:04'),
(34, 12, 34, 2, 17, 3, 17, 1, '2013-10-10 15:47:54', '2013-10-10 15:43:54', '2013-10-10 15:43:54'),
(35, 12, 35, 17, 2, 17, 3, 1, '2013-10-10 15:48:47', '2013-10-10 15:44:51', '2013-10-10 15:44:51'),
(36, 12, 36, 2, 17, 3, 17, 1, '2013-10-10 15:47:54', '2013-10-10 15:47:11', '2013-10-10 15:47:11'),
(37, 12, 37, 17, 2, 17, 3, 1, '2013-10-10 15:48:47', '2013-10-10 15:48:04', '2013-10-10 15:48:04'),
(38, 13, 38, 2, 17, 3, 17, 0, NULL, '2013-10-10 16:36:48', '2013-10-10 16:36:48'),
(39, 14, 39, 2, 17, 3, 17, 1, '2013-10-10 16:47:02', '2013-10-10 16:45:33', '2013-10-10 16:45:33'),
(40, 16, 40, 2, 17, 3, 17, 1, '2013-10-10 18:08:40', '2013-10-10 17:04:18', '2013-10-10 17:04:18'),
(41, 16, 41, 17, 2, 17, 3, 1, '2013-10-15 16:30:58', '2013-10-10 17:04:53', '2013-10-10 17:04:53'),
(42, 16, 42, 2, 16, 3, 6, 0, NULL, '2013-10-10 17:31:45', '2013-10-10 17:31:45'),
(43, 17, 43, 17, 2, 17, 3, 1, '2013-10-15 13:28:55', '2013-10-11 11:45:42', '2013-10-11 11:45:42'),
(44, 18, 44, 2, 17, 3, 17, 1, '2013-10-11 16:19:15', '2013-10-11 15:01:35', '2013-10-11 15:01:35'),
(45, 18, 45, 17, 19, 17, 8, 0, NULL, '2013-10-11 15:03:08', '2013-10-11 15:03:08'),
(46, 18, 45, 17, 18, 17, 6, 1, '2013-10-11 15:18:46', '2013-10-11 15:03:08', '2013-10-11 15:03:08'),
(47, 18, 45, 17, 16, 17, 6, 0, NULL, '2013-10-11 15:03:08', '2013-10-11 15:03:08'),
(48, 18, 46, 18, 17, 6, 17, 1, '2013-10-11 16:19:15', '2013-10-11 15:13:39', '2013-10-11 15:13:39'),
(49, 18, 47, 17, 16, 17, 6, 0, NULL, '2013-10-11 15:17:00', '2013-10-11 15:17:00'),
(50, 19, 48, 17, 18, 17, 6, 1, '2013-10-11 15:29:41', '2013-10-11 15:20:20', '2013-10-11 15:20:20'),
(51, 19, 48, 17, 2, 17, 3, 1, '2013-10-16 16:31:06', '2013-10-11 15:20:20', '2013-10-11 15:20:20'),
(52, 19, 49, 18, 17, 6, 17, 1, '2013-10-29 11:44:48', '2013-10-11 15:21:02', '2013-10-11 15:21:02'),
(53, 19, 50, 17, 18, 17, 6, 1, '2013-10-11 15:29:41', '2013-10-11 15:24:24', '2013-10-11 15:24:24'),
(54, 19, 51, 18, 17, 6, 17, 1, '2013-10-29 11:44:48', '2013-10-11 15:33:03', '2013-10-11 15:33:03'),
(55, 20, 52, 2, 17, 3, 17, 1, '2013-10-11 16:19:30', '2013-10-11 15:47:59', '2013-10-11 15:47:59'),
(56, 21, 53, 17, 2, 17, 3, 1, '2013-10-11 16:21:43', '2013-10-11 16:18:25', '2013-10-11 16:18:25'),
(57, 20, 54, 17, 16, 17, 6, 0, NULL, '2013-10-11 16:19:46', '2013-10-11 16:19:46'),
(58, 22, 55, 17, 2, 17, 3, 1, '2013-10-16 16:27:12', '2013-10-11 16:21:13', '2013-10-11 16:21:13'),
(59, 22, 56, 2, 17, 3, 17, 1, '2013-10-11 16:22:33', '2013-10-11 16:22:02', '2013-10-11 16:22:02'),
(60, 22, 57, 17, 16, 17, 6, 0, NULL, '2013-10-11 16:22:46', '2013-10-11 16:22:46'),
(61, 23, 58, 17, 2, 17, 3, 1, '2013-10-16 16:27:07', '2013-10-11 16:35:03', '2013-10-11 16:35:03'),
(62, 24, 59, 17, 2, 17, 3, 1, '2013-10-16 16:27:02', '2013-10-11 17:52:07', '2013-10-11 17:52:07'),
(63, 24, 60, 2, 17, 3, 17, 1, '2013-10-11 17:56:07', '2013-10-11 17:54:18', '2013-10-11 17:54:18'),
(64, 24, 61, 17, 14, 17, 38, 0, NULL, '2013-10-11 17:54:58', '2013-10-11 17:54:58'),
(65, 23, 62, 2, 17, 3, 17, 1, '2013-10-11 18:14:50', '2013-10-11 17:56:49', '2013-10-11 17:56:49'),
(66, 25, 63, 2, 17, 3, 17, 1, '2013-10-29 11:44:40', '2013-10-15 16:28:49', '2013-10-15 16:28:49'),
(67, 25, 64, 17, 2, 17, 3, 1, '2013-10-29 11:43:15', '2013-10-15 16:56:58', '2013-10-15 16:56:58'),
(68, 25, 64, 17, 19, 17, 8, 0, NULL, '2013-10-15 16:56:58', '2013-10-15 16:56:58'),
(69, 25, 65, 2, 19, 3, 8, 0, NULL, '2013-10-15 17:35:15', '2013-10-15 17:35:15'),
(70, 26, 66, 2, 16, 3, 6, 0, NULL, '2013-10-16 09:57:53', '2013-10-16 09:57:53'),
(71, 26, 66, 2, 18, 3, 6, 1, '2013-10-16 10:07:15', '2013-10-16 09:57:53', '2013-10-16 09:57:53'),
(72, 26, 66, 2, 19, 3, 8, 0, NULL, '2013-10-16 09:57:53', '2013-10-16 09:57:53'),
(73, 26, 66, 2, 21, 3, 8, 0, NULL, '2013-10-16 09:57:53', '2013-10-16 09:57:53'),
(74, 26, 66, 2, 22, 3, 52, 1, '2013-10-16 10:11:40', '2013-10-16 09:57:53', '2013-10-16 09:57:53'),
(75, 26, 66, 2, 23, 3, 9, 1, '2013-10-16 11:43:09', '2013-10-16 09:57:53', '2013-10-16 09:57:53'),
(76, 26, 66, 2, 24, 3, 6, 0, NULL, '2013-10-16 09:57:53', '2013-10-16 09:57:53'),
(77, 26, 67, 22, 2, 52, 3, 1, '2013-10-16 16:26:51', '2013-10-16 10:11:50', '2013-10-16 10:11:50'),
(78, 27, 68, 23, 2, 9, 3, 1, '2013-10-29 11:43:09', '2013-10-16 10:13:00', '2013-10-16 10:13:00'),
(79, 26, 69, 23, 18, 9, 6, 0, NULL, '2013-10-16 10:13:44', '2013-10-16 10:13:44'),
(80, 28, 70, 23, 2, 9, 3, 1, '2013-10-29 11:43:06', '2013-10-16 11:43:47', '2013-10-16 11:43:47'),
(81, 28, 71, 2, 23, 3, 9, 0, NULL, '2013-10-16 16:19:56', '2013-10-16 16:19:56'),
(82, 48, 75, 18, 19, 6, 8, 0, NULL, '2013-10-16 16:45:58', '2013-10-16 16:45:58'),
(83, 50, 76, 18, 2, 6, 3, 1, '2013-10-29 11:42:56', '2013-10-16 16:48:02', '2013-10-16 16:48:02'),
(84, 51, 78, 18, 2, 6, 3, 1, '2013-10-29 11:42:46', '2013-10-16 16:50:59', '2013-10-16 16:50:59'),
(85, 51, 80, 2, 19, 3, 8, 0, NULL, '2013-10-16 16:52:01', '2013-10-16 16:52:01'),
(86, 52, 81, 17, 2, 17, 3, 1, '2013-10-29 11:51:41', '2013-10-29 11:45:26', '2013-10-29 11:45:26'),
(87, 53, 82, 17, 2, 17, 3, 1, '2013-10-30 11:44:14', '2013-10-30 11:07:03', '2013-10-30 11:07:03'),
(88, 53, 82, 17, 19, 17, 8, 0, NULL, '2013-10-30 11:07:03', '2013-10-30 11:07:03'),
(89, 60, 89, 17, 24, 17, 6, 0, NULL, '2013-10-30 11:42:18', '2013-10-30 11:42:18'),
(90, 61, 90, 17, 24, 17, 6, 0, NULL, '2013-10-30 11:43:16', '2013-10-30 11:43:16'),
(91, 62, 91, 17, 24, 17, 6, 0, NULL, '2013-10-30 11:49:34', '2013-10-30 11:49:34'),
(92, 63, 92, 17, 24, 17, 6, 0, NULL, '2013-10-30 11:53:12', '2013-10-30 11:53:12'),
(93, 64, 93, 17, 24, 17, 6, 0, NULL, '2013-10-30 11:55:28', '2013-10-30 11:55:28'),
(94, 65, 94, 17, 24, 17, 6, 0, NULL, '2013-10-30 11:56:35', '2013-10-30 11:56:35'),
(95, 67, 96, 17, 24, 17, 6, 0, NULL, '2013-10-30 11:59:54', '2013-10-30 11:59:54'),
(96, 68, 97, 17, 2, 17, 3, 1, '2013-10-30 14:49:39', '2013-10-30 12:01:11', '2013-10-30 12:01:11'),
(97, 69, 98, 17, 24, 17, 6, 0, NULL, '2013-10-30 12:01:26', '2013-10-30 12:01:26'),
(98, 70, 99, 17, 24, 17, 6, 0, NULL, '2013-10-30 12:03:06', '2013-10-30 12:03:07'),
(99, 71, 100, 17, 16, 17, 6, 0, NULL, '2013-10-30 12:21:56', '2013-10-30 12:21:56'),
(100, 71, 100, 17, 18, 17, 6, 0, NULL, '2013-10-30 12:21:56', '2013-10-30 12:21:56'),
(101, 71, 100, 17, 19, 17, 8, 0, NULL, '2013-10-30 12:21:56', '2013-10-30 12:21:56'),
(102, 71, 100, 17, 21, 17, 8, 0, NULL, '2013-10-30 12:21:56', '2013-10-30 12:21:56'),
(103, 71, 100, 17, 22, 17, 52, 0, NULL, '2013-10-30 12:21:56', '2013-10-30 12:21:56'),
(104, 71, 100, 17, 23, 17, 9, 0, NULL, '2013-10-30 12:21:56', '2013-10-30 12:21:56'),
(105, 71, 100, 17, 24, 17, 6, 0, NULL, '2013-10-30 12:21:56', '2013-10-30 12:21:56'),
(106, 72, 101, 17, 2, 17, 3, 0, NULL, '2013-10-30 12:27:33', '2013-10-30 12:27:33'),
(107, 72, 101, 17, 16, 17, 6, 0, NULL, '2013-10-30 12:27:33', '2013-10-30 12:27:33'),
(108, 72, 101, 17, 18, 17, 6, 0, NULL, '2013-10-30 12:27:33', '2013-10-30 12:27:33'),
(109, 72, 101, 17, 19, 17, 8, 0, NULL, '2013-10-30 12:27:33', '2013-10-30 12:27:33'),
(110, 72, 101, 17, 21, 17, 8, 0, NULL, '2013-10-30 12:27:33', '2013-10-30 12:27:33'),
(111, 72, 101, 17, 22, 17, 52, 0, NULL, '2013-10-30 12:27:33', '2013-10-30 12:27:33'),
(112, 72, 101, 17, 23, 17, 9, 0, NULL, '2013-10-30 12:27:33', '2013-10-30 12:27:33'),
(113, 72, 101, 17, 24, 17, 6, 0, NULL, '2013-10-30 12:27:33', '2013-10-30 12:27:33'),
(114, 73, 102, 17, 2, 17, 3, 0, NULL, '2013-10-30 12:33:32', '2013-10-30 12:33:32'),
(115, 73, 102, 17, 16, 17, 6, 0, NULL, '2013-10-30 12:33:32', '2013-10-30 12:33:32'),
(116, 73, 102, 17, 18, 17, 6, 0, NULL, '2013-10-30 12:33:32', '2013-10-30 12:33:32'),
(117, 73, 102, 17, 19, 17, 8, 0, NULL, '2013-10-30 12:33:32', '2013-10-30 12:33:32'),
(118, 73, 102, 17, 21, 17, 8, 0, NULL, '2013-10-30 12:33:32', '2013-10-30 12:33:32'),
(119, 73, 102, 17, 22, 17, 52, 0, NULL, '2013-10-30 12:33:32', '2013-10-30 12:33:32'),
(120, 73, 102, 17, 23, 17, 9, 0, NULL, '2013-10-30 12:33:32', '2013-10-30 12:33:32'),
(121, 73, 102, 17, 24, 17, 6, 0, NULL, '2013-10-30 12:33:32', '2013-10-30 12:33:32'),
(122, 74, 103, 17, 2, 17, 3, 0, NULL, '2013-10-30 12:35:06', '2013-10-30 12:35:06'),
(123, 74, 103, 17, 16, 17, 6, 0, NULL, '2013-10-30 12:35:06', '2013-10-30 12:35:06'),
(124, 74, 103, 17, 18, 17, 6, 0, NULL, '2013-10-30 12:35:06', '2013-10-30 12:35:06'),
(125, 74, 103, 17, 19, 17, 8, 0, NULL, '2013-10-30 12:35:06', '2013-10-30 12:35:06'),
(126, 74, 103, 17, 21, 17, 8, 0, NULL, '2013-10-30 12:35:06', '2013-10-30 12:35:06'),
(127, 74, 103, 17, 22, 17, 52, 0, NULL, '2013-10-30 12:35:06', '2013-10-30 12:35:06'),
(128, 74, 103, 17, 23, 17, 9, 0, NULL, '2013-10-30 12:35:06', '2013-10-30 12:35:06'),
(129, 74, 103, 17, 24, 17, 6, 0, NULL, '2013-10-30 12:35:07', '2013-10-30 12:35:07'),
(130, 75, 104, 17, 2, 17, 3, 1, '2013-10-30 13:43:52', '2013-10-30 12:39:20', '2013-10-30 12:39:20'),
(131, 75, 104, 17, 16, 17, 6, 0, NULL, '2013-10-30 12:39:20', '2013-10-30 12:39:20'),
(132, 75, 104, 17, 18, 17, 6, 0, NULL, '2013-10-30 12:39:20', '2013-10-30 12:39:20'),
(133, 75, 104, 17, 19, 17, 8, 0, NULL, '2013-10-30 12:39:20', '2013-10-30 12:39:20'),
(134, 75, 104, 17, 21, 17, 8, 0, NULL, '2013-10-30 12:39:20', '2013-10-30 12:39:20'),
(135, 75, 104, 17, 22, 17, 52, 0, NULL, '2013-10-30 12:39:20', '2013-10-30 12:39:20'),
(136, 75, 104, 17, 23, 17, 9, 0, NULL, '2013-10-30 12:39:20', '2013-10-30 12:39:20'),
(137, 75, 104, 17, 24, 17, 6, 0, NULL, '2013-10-30 12:39:20', '2013-10-30 12:39:20'),
(138, 76, 105, 17, 16, 17, 6, 0, NULL, '2013-10-30 13:46:39', '2013-10-30 13:46:39'),
(139, 76, 105, 17, 18, 17, 6, 0, NULL, '2013-10-30 13:46:39', '2013-10-30 13:46:39'),
(140, 76, 105, 17, 19, 17, 8, 0, NULL, '2013-10-30 13:46:39', '2013-10-30 13:46:39'),
(141, 76, 105, 17, 21, 17, 8, 0, NULL, '2013-10-30 13:46:39', '2013-10-30 13:46:39'),
(142, 76, 105, 17, 22, 17, 52, 0, NULL, '2013-10-30 13:46:39', '2013-10-30 13:46:39'),
(143, 76, 105, 17, 23, 17, 9, 0, NULL, '2013-10-30 13:46:39', '2013-10-30 13:46:39'),
(144, 76, 105, 17, 24, 17, 6, 0, NULL, '2013-10-30 13:46:39', '2013-10-30 13:46:39'),
(145, 77, 106, 17, 2, 17, 3, 0, NULL, '2013-10-30 13:51:02', '2013-10-30 13:51:02'),
(146, 77, 106, 17, 16, 17, 6, 0, NULL, '2013-10-30 13:51:02', '2013-10-30 13:51:02'),
(147, 77, 106, 17, 18, 17, 6, 0, NULL, '2013-10-30 13:51:02', '2013-10-30 13:51:02'),
(148, 77, 106, 17, 19, 17, 8, 0, NULL, '2013-10-30 13:51:02', '2013-10-30 13:51:02'),
(149, 77, 106, 17, 21, 17, 8, 0, NULL, '2013-10-30 13:51:02', '2013-10-30 13:51:02'),
(150, 77, 106, 17, 22, 17, 52, 0, NULL, '2013-10-30 13:51:02', '2013-10-30 13:51:02'),
(151, 77, 106, 17, 23, 17, 9, 0, NULL, '2013-10-30 13:51:02', '2013-10-30 13:51:02'),
(152, 77, 106, 17, 24, 17, 6, 0, NULL, '2013-10-30 13:51:02', '2013-10-30 13:51:02'),
(153, 78, 107, 17, 2, 17, 3, 1, '2013-10-30 14:01:33', '2013-10-30 14:00:11', '2013-10-30 14:00:11'),
(154, 78, 107, 17, 16, 17, 6, 0, NULL, '2013-10-30 14:00:11', '2013-10-30 14:00:11'),
(155, 78, 107, 17, 18, 17, 6, 0, NULL, '2013-10-30 14:00:11', '2013-10-30 14:00:11'),
(156, 78, 107, 17, 19, 17, 8, 0, NULL, '2013-10-30 14:00:11', '2013-10-30 14:00:11'),
(157, 78, 107, 17, 21, 17, 8, 0, NULL, '2013-10-30 14:00:11', '2013-10-30 14:00:11'),
(158, 78, 107, 17, 22, 17, 52, 0, NULL, '2013-10-30 14:00:11', '2013-10-30 14:00:11'),
(159, 78, 107, 17, 23, 17, 9, 0, NULL, '2013-10-30 14:00:11', '2013-10-30 14:00:11'),
(160, 78, 107, 17, 24, 17, 6, 0, NULL, '2013-10-30 14:00:11', '2013-10-30 14:00:11'),
(161, 79, 108, 17, 2, 17, 3, 0, NULL, '2013-10-30 14:00:53', '2013-10-30 14:00:53'),
(162, 79, 108, 17, 16, 17, 6, 0, NULL, '2013-10-30 14:00:53', '2013-10-30 14:00:53'),
(163, 79, 108, 17, 18, 17, 6, 0, NULL, '2013-10-30 14:00:53', '2013-10-30 14:00:53'),
(164, 79, 108, 17, 19, 17, 8, 0, NULL, '2013-10-30 14:00:53', '2013-10-30 14:00:53'),
(165, 79, 108, 17, 21, 17, 8, 0, NULL, '2013-10-30 14:00:53', '2013-10-30 14:00:53'),
(166, 79, 108, 17, 22, 17, 52, 0, NULL, '2013-10-30 14:00:53', '2013-10-30 14:00:53'),
(167, 79, 108, 17, 23, 17, 9, 0, NULL, '2013-10-30 14:00:53', '2013-10-30 14:00:53'),
(168, 79, 108, 17, 24, 17, 6, 0, NULL, '2013-10-30 14:00:53', '2013-10-30 14:00:53'),
(169, 80, 109, 17, 2, 17, 3, 1, '2013-10-30 14:13:22', '2013-10-30 14:01:54', '2013-10-30 14:01:54'),
(170, 80, 109, 17, 16, 17, 6, 0, NULL, '2013-10-30 14:01:54', '2013-10-30 14:01:54'),
(171, 80, 109, 17, 18, 17, 6, 0, NULL, '2013-10-30 14:01:54', '2013-10-30 14:01:54'),
(172, 80, 109, 17, 19, 17, 8, 0, NULL, '2013-10-30 14:01:54', '2013-10-30 14:01:54'),
(173, 80, 109, 17, 21, 17, 8, 0, NULL, '2013-10-30 14:01:54', '2013-10-30 14:01:54'),
(174, 80, 109, 17, 22, 17, 52, 0, NULL, '2013-10-30 14:01:54', '2013-10-30 14:01:54'),
(175, 80, 109, 17, 23, 17, 9, 0, NULL, '2013-10-30 14:01:54', '2013-10-30 14:01:54'),
(176, 80, 109, 17, 24, 17, 6, 0, NULL, '2013-10-30 14:01:54', '2013-10-30 14:01:54'),
(177, 80, 110, 2, 17, 3, 17, 1, '2013-10-30 14:12:24', '2013-10-30 14:12:13', '2013-10-30 14:12:13'),
(178, 80, 111, 17, 2, 17, 3, 1, '2013-10-30 14:13:22', '2013-10-30 14:12:41', '2013-10-30 14:12:41'),
(179, 80, 111, 17, 16, 17, 6, 0, NULL, '2013-10-30 14:12:41', '2013-10-30 14:12:41'),
(180, 80, 111, 17, 18, 17, 6, 0, NULL, '2013-10-30 14:12:41', '2013-10-30 14:12:41'),
(181, 80, 111, 17, 19, 17, 8, 0, NULL, '2013-10-30 14:12:41', '2013-10-30 14:12:41'),
(182, 80, 111, 17, 21, 17, 8, 0, NULL, '2013-10-30 14:12:41', '2013-10-30 14:12:41'),
(183, 80, 111, 17, 22, 17, 52, 0, NULL, '2013-10-30 14:12:41', '2013-10-30 14:12:41'),
(184, 80, 111, 17, 23, 17, 9, 0, NULL, '2013-10-30 14:12:41', '2013-10-30 14:12:41'),
(185, 80, 111, 17, 24, 17, 6, 0, NULL, '2013-10-30 14:12:41', '2013-10-30 14:12:41'),
(186, 80, 112, 2, 2, 3, 3, 1, '2013-10-30 14:13:22', '2013-10-30 14:13:14', '2013-10-30 14:13:14'),
(187, 80, 112, 2, 16, 3, 6, 0, NULL, '2013-10-30 14:13:14', '2013-10-30 14:13:14'),
(188, 80, 112, 2, 18, 3, 6, 0, NULL, '2013-10-30 14:13:14', '2013-10-30 14:13:14'),
(189, 80, 112, 2, 19, 3, 8, 0, NULL, '2013-10-30 14:13:14', '2013-10-30 14:13:14'),
(190, 80, 112, 2, 21, 3, 8, 0, NULL, '2013-10-30 14:13:14', '2013-10-30 14:13:14'),
(191, 80, 112, 2, 22, 3, 52, 0, NULL, '2013-10-30 14:13:14', '2013-10-30 14:13:14'),
(192, 80, 112, 2, 23, 3, 9, 0, NULL, '2013-10-30 14:13:14', '2013-10-30 14:13:14'),
(193, 80, 112, 2, 24, 3, 6, 0, NULL, '2013-10-30 14:13:14', '2013-10-30 14:13:14'),
(194, 81, 113, 2, 17, 3, 17, 1, '2013-11-01 11:33:15', '2013-11-01 09:49:39', '2013-11-01 09:49:39'),
(195, 81, 114, 17, 2, 17, 3, 1, '2013-11-01 13:53:11', '2013-11-01 09:50:30', '2013-11-01 09:50:30'),
(196, 81, 114, 17, 16, 17, 6, 0, NULL, '2013-11-01 09:50:30', '2013-11-01 09:50:30'),
(197, 81, 114, 17, 18, 17, 6, 0, NULL, '2013-11-01 09:50:30', '2013-11-01 09:50:30'),
(198, 81, 114, 17, 19, 17, 8, 0, NULL, '2013-11-01 09:50:30', '2013-11-01 09:50:30'),
(199, 81, 114, 17, 21, 17, 8, 0, NULL, '2013-11-01 09:50:30', '2013-11-01 09:50:30'),
(200, 81, 114, 17, 22, 17, 3, 0, NULL, '2013-11-01 09:50:30', '2013-11-01 09:50:30'),
(201, 81, 114, 17, 23, 17, 9, 0, NULL, '2013-11-01 09:50:30', '2013-11-01 09:50:30'),
(202, 81, 114, 17, 24, 17, 6, 0, NULL, '2013-11-01 09:50:30', '2013-11-01 09:50:30'),
(203, 82, 115, 17, 2, 17, 3, 1, '2013-11-01 10:33:35', '2013-11-01 09:59:41', '2013-11-01 09:59:41'),
(204, 82, 115, 17, 16, 17, 6, 0, NULL, '2013-11-01 09:59:41', '2013-11-01 09:59:41'),
(205, 82, 115, 17, 18, 17, 6, 0, NULL, '2013-11-01 09:59:41', '2013-11-01 09:59:41'),
(206, 82, 115, 17, 19, 17, 8, 0, NULL, '2013-11-01 09:59:41', '2013-11-01 09:59:41'),
(207, 82, 115, 17, 21, 17, 8, 1, '2013-11-01 10:01:11', '2013-11-01 09:59:41', '2013-11-01 09:59:41'),
(208, 82, 115, 17, 22, 17, 3, 0, NULL, '2013-11-01 09:59:41', '2013-11-01 09:59:41'),
(209, 82, 115, 17, 23, 17, 9, 0, NULL, '2013-11-01 09:59:41', '2013-11-01 09:59:41'),
(210, 82, 115, 17, 24, 17, 6, 0, NULL, '2013-11-01 09:59:41', '2013-11-01 09:59:41'),
(211, 81, 116, 2, 17, 3, 17, 1, '2013-11-01 11:33:15', '2013-11-01 11:32:31', '2013-11-01 11:32:31'),
(212, 83, 117, 17, 2, 17, 3, 1, '2013-11-01 11:41:54', '2013-11-01 11:36:11', '2013-11-01 11:36:11'),
(213, 83, 117, 17, 16, 17, 6, 0, NULL, '2013-11-01 11:36:12', '2013-11-01 11:36:12'),
(214, 83, 117, 17, 18, 17, 6, 0, NULL, '2013-11-01 11:36:12', '2013-11-01 11:36:12'),
(215, 83, 117, 17, 19, 17, 8, 0, NULL, '2013-11-01 11:36:12', '2013-11-01 11:36:12'),
(216, 83, 117, 17, 21, 17, 8, 0, NULL, '2013-11-01 11:36:12', '2013-11-01 11:36:12'),
(217, 83, 117, 17, 22, 17, 3, 0, NULL, '2013-11-01 11:36:12', '2013-11-01 11:36:12'),
(218, 83, 117, 17, 23, 17, 9, 0, NULL, '2013-11-01 11:36:12', '2013-11-01 11:36:12'),
(219, 83, 117, 17, 24, 17, 6, 0, NULL, '2013-11-01 11:36:12', '2013-11-01 11:36:12'),
(220, 83, 118, 2, 17, 3, 17, 1, '2013-11-01 11:41:10', '2013-11-01 11:37:31', '2013-11-01 11:37:31'),
(221, 83, 119, 17, 2, 17, 3, 1, '2013-11-01 11:41:54', '2013-11-01 11:41:41', '2013-11-01 11:41:41'),
(222, 83, 119, 17, 16, 17, 6, 0, NULL, '2013-11-01 11:41:41', '2013-11-01 11:41:41'),
(223, 83, 119, 17, 18, 17, 6, 0, NULL, '2013-11-01 11:41:41', '2013-11-01 11:41:41'),
(224, 83, 119, 17, 19, 17, 8, 0, NULL, '2013-11-01 11:41:41', '2013-11-01 11:41:41'),
(225, 83, 119, 17, 21, 17, 8, 0, NULL, '2013-11-01 11:41:41', '2013-11-01 11:41:41'),
(226, 83, 119, 17, 22, 17, 3, 0, NULL, '2013-11-01 11:41:41', '2013-11-01 11:41:41'),
(227, 83, 119, 17, 23, 17, 9, 0, NULL, '2013-11-01 11:41:41', '2013-11-01 11:41:41'),
(228, 83, 119, 17, 24, 17, 6, 0, NULL, '2013-11-01 11:41:41', '2013-11-01 11:41:41'),
(229, 84, 120, 2, 17, 3, 17, 1, '2013-11-01 11:49:42', '2013-11-01 11:49:33', '2013-11-01 11:49:33');

-- --------------------------------------------------------

--
-- Estructura de tabla para la tabla `uploads`
--

CREATE TABLE IF NOT EXISTS `uploads` (
  `id` int(11) NOT NULL AUTO_INCREMENT,
  `name` varchar(255) DEFAULT NULL,
  `size` int(11) DEFAULT NULL,
  `message_id` int(11) DEFAULT NULL,
  `real_name` varchar(255) DEFAULT NULL,
  `url` varchar(255) DEFAULT NULL,
  `temporal` int(11) DEFAULT NULL,
  PRIMARY KEY (`id`)
) ENGINE=InnoDB  DEFAULT CHARSET=latin1 AUTO_INCREMENT=50 ;

--
-- Volcado de datos para la tabla `uploads`
--

INSERT INTO `uploads` (`id`, `name`, `size`, `message_id`, `real_name`, `url`, `temporal`) VALUES
(3, 'seo_marketing_online_0488906001381344970.pdf', 1873082, NULL, 'seo_marketing_online.pdf', 'http://localhost/AIG_mensajeria/webroot/files/seo_marketing_online_0488906001381344970.pdf', 21275016),
(4, 'Libro gratuito de jQuery en español - Fundamentos de jQuery_0778183001381345041.pdf', 1422037, 3, 'Libro gratuito de jQuery en español - Fundamentos de jQuery.pdf', 'http://localhost/AIG_mensajeria/webroot/files/Libro%20gratuito%20de%20jQuery%20en%20espa%C3%B1ol%20-%20Fundamentos%20de%20jQuery_0778183001381345041.pdf', 92684993),
(5, 'CursoCSS3_0069085001381345105.pdf', 3213845, 4, 'CursoCSS3.pdf', 'http://localhost/AIG_mensajeria/webroot/files/CursoCSS3_0069085001381345105.pdf', 40897467),
(6, 'Curso-HTML5-v1_0280445001381345171.pdf', 4584607, 5, 'Curso-HTML5-v1.pdf', 'http://localhost/AIG_mensajeria/webroot/files/Curso-HTML5-v1_0280445001381345171.pdf', NULL),
(7, 'CursoCSS3_0125573001381345411.pdf', 3213845, 6, 'CursoCSS3.pdf', 'http://localhost/AIG_mensajeria/webroot/files/CursoCSS3_0125573001381345411.pdf', NULL),
(8, 'seo_marketing_online_0501483001381345499.pdf', 1873082, 7, 'seo_marketing_online.pdf', 'http://localhost/AIG_mensajeria/webroot/files/seo_marketing_online_0501483001381345499.pdf', NULL),
(9, 'Curso-HTML5-v1_0143774001381345535.pdf', 4584607, 8, 'Curso-HTML5-v1.pdf', 'http://localhost/AIG_mensajeria/webroot/files/Curso-HTML5-v1_0143774001381345535.pdf', NULL),
(10, 'seo_marketing_online_0122254001381348620.pdf', 1873082, 9, 'seo_marketing_online.pdf', 'http://localhost/AIG_mensajeria/webroot/files/seo_marketing_online_0122254001381348620.pdf', NULL),
(11, 'CursoCSS3_0112223001381348732.pdf', 3213845, 10, 'CursoCSS3.pdf', 'http://localhost/AIG_mensajeria/webroot/files/CursoCSS3_0112223001381348732.pdf', NULL),
(12, 'CursoCSS3_0944548001381349729.pdf', 3213845, 11, 'CursoCSS3.pdf', 'http://localhost/AIG_mensajeria/webroot/files/CursoCSS3_0944548001381349729.pdf', NULL),
(13, 'Curso-HTML5-v1_0928139001381349888.pdf', 4584607, 12, 'Curso-HTML5-v1.pdf', 'http://localhost/AIG_mensajeria/webroot/files/Curso-HTML5-v1_0928139001381349888.pdf', NULL),
(14, 'seo_marketing_online_0522931001381350808.pdf', 1873082, 13, 'seo_marketing_online.pdf', 'http://localhost/AIG_mensajeria/webroot/files/seo_marketing_online_0522931001381350808.pdf', NULL),
(15, 'seo_marketing_online_0220123001381353494.pdf', 1873082, 14, 'seo_marketing_online.pdf', 'http://localhost/AIG_mensajeria/webroot/files/seo_marketing_online_0220123001381353494.pdf', NULL),
(16, 'CursoCSS3_0839356001381353635.pdf', 3213845, 15, 'CursoCSS3.pdf', 'http://localhost/AIG_mensajeria/webroot/files/CursoCSS3_0839356001381353635.pdf', NULL),
(17, 'Curso-HTML5-v1_0943867001381353635.pdf', 4584607, 15, 'Curso-HTML5-v1.pdf', 'http://localhost/AIG_mensajeria/webroot/files/Curso-HTML5-v1_0943867001381353635.pdf', NULL),
(18, 'Libro gratuito de jQuery en español - Fundamentos de jQuery_0609637001381354615.pdf', 1422037, 16, 'Libro gratuito de jQuery en español - Fundamentos de jQuery.pdf', 'http://localhost/AIG_mensajeria/webroot/files/Libro%20gratuito%20de%20jQuery%20en%20espa%C3%B1ol%20-%20Fundamentos%20de%20jQuery_0609637001381354615.pdf', NULL),
(19, 'seo_marketing_online_0625683001381354776.pdf', 1873082, 18, 'seo_marketing_online.pdf', 'http://localhost/AIG_mensajeria/webroot/files/seo_marketing_online_0625683001381354776.pdf', NULL),
(20, 'Libro gratuito de jQuery en español - Fundamentos de jQuery_0236842001381355234.pdf', 1422037, 19, 'Libro gratuito de jQuery en español - Fundamentos de jQuery.pdf', 'http://localhost/AIG_mensajeria/webroot/files/Libro%20gratuito%20de%20jQuery%20en%20espa%C3%B1ol%20-%20Fundamentos%20de%20jQuery_0236842001381355234.pdf', NULL),
(21, 'CursoCSS3_0318992001381355234.pdf', 3213845, 19, 'CursoCSS3.pdf', 'http://localhost/AIG_mensajeria/webroot/files/CursoCSS3_0318992001381355234.pdf', NULL),
(22, 'seo_marketing_online_0387422001381355234.pdf', 1873082, 19, 'seo_marketing_online.pdf', 'http://localhost/AIG_mensajeria/webroot/files/seo_marketing_online_0387422001381355234.pdf', NULL),
(23, 'Banco Caroní, Sistema de Banca por Internet_0398068001381868918.pdf', 68459, 63, 'Banco Caroní, Sistema de Banca por Internet.pdf', 'http://localhost/AIG_mensajeria/webroot/files/Banco%20Caron%C3%AD%2C%20Sistema%20de%20Banca%20por%20Internet_0398068001381868918.pdf', NULL),
(24, 'Banco Caroní, Sistema de Banca por Internet_0312492001381870611.pdf', 68459, 64, 'Banco Caroní, Sistema de Banca por Internet.pdf', 'http://localhost/AIG_mensajeria/webroot/files/Banco%20Caron%C3%AD%2C%20Sistema%20de%20Banca%20por%20Internet_0312492001381870611.pdf', NULL),
(25, 'Banco Caroní, Sistema de Banca por Internet_0293086001381931867.pdf', 68459, 66, 'Banco Caroní, Sistema de Banca por Internet.pdf', 'http://localhost/AIG_mensajeria/webroot/files/Banco%20Caron%C3%AD%2C%20Sistema%20de%20Banca%20por%20Internet_0293086001381931867.pdf', NULL),
(26, 'Banco Caroní, Sistema de Banca por Internet_0633454001381938225.pdf', 68459, 70, 'Banco Caroní, Sistema de Banca por Internet.pdf', 'http://localhost/AIG_mensajeria/webroot/files/Banco%20Caron%C3%AD%2C%20Sistema%20de%20Banca%20por%20Internet_0633454001381938225.pdf', NULL),
(27, 'Banco Caroní, Sistema de Banca por Internet_0604992001381953544.pdf', 68459, NULL, 'Banco Caroní, Sistema de Banca por Internet.pdf', 'http://localhost/AIG_mensajeria/webroot/files/Banco%20Caron%C3%AD%2C%20Sistema%20de%20Banca%20por%20Internet_0604992001381953544.pdf', 78467135),
(28, '_0851669001381953559', 2060, NULL, 'acptour', 'http://localhost/AIG_mensajeria/webroot/files/_0851669001381953559', 78467135),
(29, 'Banco Caroní, Sistema de Banca por Internet_0104051001381953976.pdf', 68459, NULL, 'Banco Caroní, Sistema de Banca por Internet.pdf', 'http://localhost/AIG_mensajeria/webroot/files/Banco%20Caron%C3%AD%2C%20Sistema%20de%20Banca%20por%20Internet_0104051001381953976.pdf', 67543187),
(30, 'Libro gratuito de jQuery en español - Fundamentos de jQuery_0221885001381954069.pdf', 1422037, NULL, 'Libro gratuito de jQuery en español - Fundamentos de jQuery.pdf', 'http://localhost/AIG_mensajeria/webroot/files/Libro%20gratuito%20de%20jQuery%20en%20espa%C3%B1ol%20-%20Fundamentos%20de%20jQuery_0221885001381954069.pdf', 63285528),
(31, 'seo_marketing_online_0326319001381954069.pdf', 1873082, NULL, 'seo_marketing_online.pdf', 'http://localhost/AIG_mensajeria/webroot/files/seo_marketing_online_0326319001381954069.pdf', 63285528),
(34, 'seo_marketing_online_0349548001381954793.pdf', 1873082, 71, 'seo_marketing_online.pdf', 'http://localhost/AIG_mensajeria/webroot/files/seo_marketing_online_0349548001381954793.pdf', NULL),
(35, 'seo_marketing_online_0758113001381954825.pdf', 1873082, 72, 'seo_marketing_online.pdf', 'http://localhost/AIG_mensajeria/webroot/files/seo_marketing_online_0758113001381954825.pdf', NULL),
(36, 'seo_marketing_online_0762301001381954875.pdf', 1873082, 73, 'seo_marketing_online.pdf', 'http://localhost/AIG_mensajeria/webroot/files/seo_marketing_online_0762301001381954875.pdf', NULL),
(37, 'seo_marketing_online_0332101001381955250.pdf', 1873082, 74, 'seo_marketing_online.pdf', 'http://localhost/AIG_mensajeria/webroot/files/seo_marketing_online_0332101001381955250.pdf', NULL),
(39, 'seo_marketing_online_0000123001381956559.pdf', 1873082, 77, 'seo_marketing_online.pdf', 'http://localhost/AIG_mensajeria/webroot/files/seo_marketing_online_0000123001381956559.pdf', NULL),
(40, 'seo_marketing_online_0025821001381956658.pdf', 1873082, 78, 'seo_marketing_online.pdf', 'http://localhost/AIG_mensajeria/webroot/files/seo_marketing_online_0025821001381956658.pdf', NULL),
(42, 'Libro gratuito de jQuery en español - Fundamentos de jQuery_0110988001381956719.pdf', 1422037, 80, 'Libro gratuito de jQuery en español - Fundamentos de jQuery.pdf', 'http://localhost/AIG_mensajeria/webroot/files/Libro%20gratuito%20de%20jQuery%20en%20espa%C3%B1ol%20-%20Fundamentos%20de%20jQuery_0110988001381956719.pdf', NULL),
(43, 'seo_marketing_online_0190856001381956719.pdf', 1873082, 80, 'seo_marketing_online.pdf', 'http://localhost/AIG_mensajeria/webroot/files/seo_marketing_online_0190856001381956719.pdf', NULL),
(44, 'horacio.pdf', 68459, 114, 'horacio.pdf', 'horacio.pdf', NULL),
(45, 'Amazon_0995594001383319946.pdf', 98414, 116, 'Amazon.pdf', 'http://localhost/AIG_mensajeria/webroot/files/Amazon_0995594001383319946.pdf', NULL),
(46, 'Mercantil en Línea_0039846001383320169.pdf', 111893, 117, 'Mercantil en Línea.pdf', 'http://localhost/AIG_mensajeria/webroot/files/Mercantil%20en%20L%C3%ADnea_0039846001383320169.pdf', NULL),
(47, 'Syllubus_0490879001383320249.pdf', 68459, 118, 'Syllubus.pdf', 'http://localhost/AIG_mensajeria/webroot/files/Syllubus_0490879001383320249.pdf', NULL),
(48, 'Syllubus_0281113001383320499.pdf', 68459, 119, 'Syllubus.pdf', 'http://localhost/AIG_mensajeria/webroot/files/Syllubus_0281113001383320499.pdf', NULL),
(49, 'horacio_0634326001383320969.pdf', 68459, 120, 'hor acio.pdf', 'http://localhost/AIG_mensajeria/webroot/files/horacio_0634326001383320969.pdf', NULL);

-- --------------------------------------------------------

--
-- Estructura de tabla para la tabla `users`
--

CREATE TABLE IF NOT EXISTS `users` (
  `id` int(11) NOT NULL AUTO_INCREMENT,
  `user_group_id` int(11) unsigned DEFAULT NULL,
  `username` varchar(100) DEFAULT NULL,
  `password` varchar(255) DEFAULT NULL,
  `salt` text,
  `email` varchar(100) DEFAULT NULL,
  `first_name` varchar(100) DEFAULT NULL,
  `last_name` varchar(100) DEFAULT NULL,
  `email_verified` int(1) DEFAULT '0',
  `active` int(1) NOT NULL DEFAULT '0',
  `ip_address` varchar(50) DEFAULT NULL,
  `created` datetime DEFAULT NULL,
  `modified` datetime DEFAULT NULL,
  `entity_id` int(11) DEFAULT NULL,
  PRIMARY KEY (`id`),
  KEY `user` (`username`),
  KEY `mail` (`email`),
  KEY `users_FKIndex1` (`user_group_id`)
) ENGINE=InnoDB  DEFAULT CHARSET=latin1 AUTO_INCREMENT=26 ;

--
-- Volcado de datos para la tabla `users`
--

INSERT INTO `users` (`id`, `user_group_id`, `username`, `password`, `salt`, `email`, `first_name`, `last_name`, `email_verified`, `active`, `ip_address`, `created`, `modified`, `entity_id`) VALUES
(1, 1, 'admin', 'b670bffcdcf036b0f9be512bb25f664a', '51dc4bb92e72198d0dbb04bd2441f227', 'admin@admin.com', 'Admin', '', 1, 1, '', '2013-09-25 13:27:49', '2013-10-01 18:42:11', 0),
(2, 2, 'jehogo', '74f1c59995f01ca3c64fd681a8dfa3a9', '2d47df2cedb6b0957cc96755ec4a91cd', 'gouveia.horacio@gmail.com', 'Jesus Horacio', 'Gouveia', 1, 1, NULL, '2013-09-26 15:10:21', '2013-10-02 13:24:32', 3),
(3, 2, 'pedro', 'ea78d095f1a674db33ab9bc7496ad066', 'c8167bb42364235b3799a6ff95ce2443', 'pedrito@gmailc.om', 'Pedro Antonio', 'Lopez', 1, 1, NULL, '2013-10-01 10:21:27', '2013-10-01 11:47:11', 0),
(4, 2, 'adriana', '5f5bf5147dd73a94a759e3a7d0a0c4c1', '9461110dab86a2f2a784257f19fca2f5', 'adrita@gmail.com', 'Adriana', 'Gomes Perez', 1, 0, NULL, '2013-10-01 10:22:26', '2013-10-01 13:37:31', 0),
(13, 2, 'analado', '9d761afd06e022d4c7b86a1500c3b46b', '290453a12fb483a0ca5f82640f1eef48', 'ana.lado@lado.com', 'Ana', 'Lado', 1, 1, NULL, '2013-10-01 16:03:50', '2013-10-01 16:03:50', 0),
(14, 2, 'chuo', '0b8475744f5d05aab72ddda4dce0c5aa', 'd13e4a9ea7438af60c5aba4f2e3e5982', 'gouveia.horacio+1@gmail.com', 'Chucho', 'Gouv', 1, 1, NULL, '2013-10-01 16:08:50', '2013-10-10 12:33:18', 38),
(15, 2, 'checho', 'f4ab78aae28a27e623e2df1352750389', 'f4e66691f01382c5fb2b8bce8f44cbd9', 'che@das.com', 'checho', 'che', 1, 1, NULL, '2013-10-01 16:10:28', '2013-10-10 12:33:38', 38),
(16, 2, 'pepito', '82a5e753b273c9191012be26eef816b0', '9fda8613933d548bfdcae61198d48204', 'pepito@grillo.com', 'Pepe', 'grillo', 1, 1, NULL, '2013-10-01 16:11:49', '2013-10-02 16:08:45', 6),
(17, 2, 'rosa', '107481086a622d49b6a74d057532eb3c', '2074ab673b5825b80035d765a2d50324', 'rosa@aas.com', 'Rosa', 'Lado', 1, 1, NULL, '2013-10-01 16:13:12', '2013-10-02 16:08:35', 17),
(18, 2, 'fabi', 'a16674325129fee043bc60768b16b8a9', 'f71af9577ddfb786e298f0a4612dc0bb', 'fa@perez.com', 'Fabian', 'Perez', 1, 1, NULL, '2013-10-01 16:14:18', '2013-10-02 16:05:42', 6),
(19, 2, 'ricardo', '097c0b918c2c53e3e8acf6447f14904a', '97da99226da48bcbba9d95d09dda7463', 'rica@rdo.com', 'Ricardo Antonio', 'Perez Formigoni', 1, 1, NULL, '2013-10-01 16:50:40', '2013-10-01 16:50:40', 8),
(20, 3, 'admin_a', 'b88b8428aa12c65a416979936a132719', '5151ea8200aab8b6a5bda8909e6b8f93', 'jehogo@jehogo.com', 'Jesus', 'Gouveia', 1, 1, NULL, '2013-10-02 14:45:56', '2013-10-02 14:45:56', 2),
(21, 2, 'test1', 'c19035391038690d4973208a55dca6b5', '4a533bd8c10b709e61f06148be0756ef', 'test1@google.com', 'Test', 'Uno', 1, 1, NULL, '2013-10-16 09:54:54', '2013-10-16 09:54:54', 8),
(22, 2, 'test2', 'bd38dbd9303e02a2fdf7e3ac6c527694', 'f536f5b8c404e4f2760d7fdf156e5fef', 'test2@google.com', 'Test', 'Dos', 1, 1, NULL, '2013-10-16 09:55:27', '2013-10-30 14:29:18', 3),
(23, 2, 'test3', '4e8913868150e99fe68b191548974aee', '707a80c7d98d84fa8cb1d2c235362137', 'test3@google.com', 'Test', 'Tres', 1, 1, NULL, '2013-10-16 09:56:02', '2013-10-16 09:56:02', 9),
(24, 2, 'test4', '8edeb18b9873370247c516fc727dcddd', '33b2ddfa8c90ce25fb5d2e7cdb0ee858', 'test4@google.com', 'Test', 'Cuatro', 1, 1, NULL, '2013-10-16 09:56:32', '2013-10-16 09:56:32', 6),
(25, 2, 'victor', '167970571452b68cb5540e01f2ade962', 'cc14cb2b85cc22f38fe18cb5aacff0b7', 'gouveia.horacio+6@gmail.com', 'Victor', 'Muñoz', 1, 1, NULL, '2013-10-29 15:56:45', '2013-10-29 15:56:45', 16);

-- --------------------------------------------------------

--
-- Estructura de tabla para la tabla `user_groups`
--

CREATE TABLE IF NOT EXISTS `user_groups` (
  `id` int(11) NOT NULL AUTO_INCREMENT,
  `name` varchar(100) DEFAULT NULL,
  `alias_name` varchar(100) DEFAULT NULL,
  `allowRegistration` int(1) NOT NULL DEFAULT '1',
  `created` datetime DEFAULT NULL,
  `modified` datetime DEFAULT NULL,
  PRIMARY KEY (`id`)
) ENGINE=InnoDB  DEFAULT CHARSET=latin1 AUTO_INCREMENT=4 ;

--
-- Volcado de datos para la tabla `user_groups`
--

INSERT INTO `user_groups` (`id`, `name`, `alias_name`, `allowRegistration`, `created`, `modified`) VALUES
(1, 'Super', 'super', 0, '2013-09-25 13:27:49', '2013-10-02 14:36:10'),
(2, 'Usuario', 'User', 1, '2013-09-25 13:27:49', '2013-10-02 13:55:59'),
(3, 'Administrador', 'administrador', 0, '2013-09-25 13:27:49', '2013-10-02 14:36:31');

-- --------------------------------------------------------

--
-- Estructura de tabla para la tabla `user_group_permissions`
--

CREATE TABLE IF NOT EXISTS `user_group_permissions` (
  `id` int(10) unsigned NOT NULL AUTO_INCREMENT,
  `user_group_id` int(10) unsigned NOT NULL,
  `controller` varchar(50) CHARACTER SET latin1 COLLATE latin1_general_ci NOT NULL,
  `action` varchar(100) CHARACTER SET latin1 COLLATE latin1_general_ci NOT NULL,
  `allowed` tinyint(1) unsigned NOT NULL DEFAULT '1',
  PRIMARY KEY (`id`)
) ENGINE=InnoDB  DEFAULT CHARSET=latin1 AUTO_INCREMENT=160 ;

--
-- Volcado de datos para la tabla `user_group_permissions`
--

INSERT INTO `user_group_permissions` (`id`, `user_group_id`, `controller`, `action`, `allowed`) VALUES
(1, 1, 'Pages', 'display', 1),
(2, 2, 'Pages', 'display', 1),
(3, 3, 'Pages', 'display', 1),
(4, 1, 'UserGroupPermissions', 'index', 1),
(5, 2, 'UserGroupPermissions', 'index', 0),
(6, 3, 'UserGroupPermissions', 'index', 0),
(7, 1, 'UserGroupPermissions', 'update', 1),
(8, 2, 'UserGroupPermissions', 'update', 0),
(9, 3, 'UserGroupPermissions', 'update', 0),
(10, 1, 'UserGroups', 'index', 1),
(11, 2, 'UserGroups', 'index', 0),
(12, 3, 'UserGroups', 'index', 0),
(13, 1, 'UserGroups', 'addGroup', 1),
(14, 2, 'UserGroups', 'addGroup', 0),
(15, 3, 'UserGroups', 'addGroup', 0),
(16, 1, 'UserGroups', 'editGroup', 1),
(17, 2, 'UserGroups', 'editGroup', 0),
(18, 3, 'UserGroups', 'editGroup', 0),
(19, 1, 'UserGroups', 'deleteGroup', 1),
(20, 2, 'UserGroups', 'deleteGroup', 0),
(21, 3, 'UserGroups', 'deleteGroup', 0),
(22, 1, 'Users', 'index', 1),
(23, 2, 'Users', 'index', 0),
(24, 3, 'Users', 'index', 1),
(25, 1, 'Users', 'viewUser', 1),
(26, 2, 'Users', 'viewUser', 0),
(27, 3, 'Users', 'viewUser', 1),
(28, 1, 'Users', 'myprofile', 1),
(29, 2, 'Users', 'myprofile', 1),
(30, 3, 'Users', 'myprofile', 1),
(31, 1, 'Users', 'login', 1),
(32, 2, 'Users', 'login', 1),
(33, 3, 'Users', 'login', 1),
(34, 1, 'Users', 'logout', 1),
(35, 2, 'Users', 'logout', 1),
(36, 3, 'Users', 'logout', 1),
(37, 1, 'Users', 'register', 1),
(38, 2, 'Users', 'register', 0),
(39, 3, 'Users', 'register', 1),
(40, 1, 'Users', 'changePassword', 1),
(41, 2, 'Users', 'changePassword', 1),
(42, 3, 'Users', 'changePassword', 1),
(43, 1, 'Users', 'changeUserPassword', 1),
(44, 2, 'Users', 'changeUserPassword', 0),
(45, 3, 'Users', 'changeUserPassword', 1),
(46, 1, 'Users', 'addUser', 1),
(47, 2, 'Users', 'addUser', 0),
(48, 3, 'Users', 'addUser', 1),
(49, 1, 'Users', 'editUser', 1),
(50, 2, 'Users', 'editUser', 0),
(51, 3, 'Users', 'editUser', 1),
(52, 1, 'Users', 'dashboard', 1),
(53, 2, 'Users', 'dashboard', 1),
(54, 3, 'Users', 'dashboard', 1),
(55, 1, 'Users', 'deleteUser', 1),
(56, 2, 'Users', 'deleteUser', 0),
(57, 3, 'Users', 'deleteUser', 1),
(58, 1, 'Users', 'makeActive', 1),
(59, 2, 'Users', 'makeActive', 0),
(60, 3, 'Users', 'makeActive', 0),
(61, 1, 'Users', 'accessDenied', 1),
(62, 2, 'Users', 'accessDenied', 1),
(63, 3, 'Users', 'accessDenied', 1),
(64, 1, 'Users', 'userVerification', 1),
(65, 2, 'Users', 'userVerification', 1),
(66, 3, 'Users', 'userVerification', 1),
(67, 1, 'Users', 'forgotPassword', 1),
(68, 2, 'Users', 'forgotPassword', 1),
(69, 3, 'Users', 'forgotPassword', 1),
(70, 1, 'Users', 'makeActiveInactive', 1),
(71, 2, 'Users', 'makeActiveInactive', 0),
(72, 3, 'Users', 'makeActiveInactive', 1),
(73, 1, 'Users', 'verifyEmail', 1),
(74, 2, 'Users', 'verifyEmail', 0),
(75, 3, 'Users', 'verifyEmail', 1),
(76, 1, 'Users', 'activatePassword', 1),
(77, 2, 'Users', 'activatePassword', 1),
(78, 3, 'Users', 'activatePassword', 1),
(79, 1, 'Entities', 'index', 1),
(80, 2, 'Entities', 'index', 0),
(81, 3, 'Entities', 'index', 1),
(82, 1, 'Entities', 'children', 1),
(83, 2, 'Entities', 'children', 0),
(84, 3, 'Entities', 'children', 1),
(85, 1, 'Entities', 'add', 1),
(86, 2, 'Entities', 'add', 0),
(87, 3, 'Entities', 'add', 1),
(88, 1, 'Entities', 'delete', 1),
(89, 2, 'Entities', 'delete', 0),
(90, 3, 'Entities', 'delete', 1),
(91, 1, 'Users', 'addUser2', 0),
(92, 2, 'Users', 'addUser2', 0),
(93, 3, 'Users', 'addUser2', 0),
(94, 1, 'Users', 'emailVerification', 0),
(95, 2, 'Users', 'emailVerification', 0),
(96, 3, 'Users', 'emailVerification', 0),
(97, 1, 'Communications', 'index', 0),
(98, 2, 'Communications', 'index', 1),
(99, 3, 'Communications', 'index', 0),
(100, 1, 'Communications', 'add', 0),
(101, 2, 'Communications', 'add', 1),
(102, 3, 'Communications', 'add', 0),
(103, 1, 'Communications', 'reply', 0),
(104, 2, 'Communications', 'reply', 1),
(105, 3, 'Communications', 'reply', 0),
(106, 1, 'Communications', 'view', 0),
(107, 2, 'Communications', 'view', 1),
(108, 3, 'Communications', 'view', 0),
(109, 1, 'Communications', 'findUsersAndEntities', 0),
(110, 2, 'Communications', 'findUsersAndEntities', 1),
(111, 3, 'Communications', 'findUsersAndEntities', 0),
(112, 1, 'Communications', 'getNewCommunications', 0),
(113, 2, 'Communications', 'getNewCommunications', 1),
(114, 3, 'Communications', 'getNewCommunications', 0),
(115, 1, 'Communications', 'getNewInteractions', 0),
(116, 2, 'Communications', 'getNewInteractions', 1),
(117, 3, 'Communications', 'getNewInteractions', 0),
(118, 1, 'Tags', 'add', 0),
(119, 2, 'Tags', 'add', 1),
(120, 3, 'Tags', 'add', 0),
(121, 1, 'Tags', 'findTags', 0),
(122, 2, 'Tags', 'findTags', 1),
(123, 3, 'Tags', 'findTags', 0),
(124, 1, 'Tags', 'delete', 0),
(125, 2, 'Tags', 'delete', 1),
(126, 3, 'Tags', 'delete', 0),
(127, 1, 'Tags', 'index', 0),
(128, 2, 'Tags', 'index', 1),
(129, 3, 'Tags', 'index', 0),
(130, 1, 'Entities', 'find', 1),
(131, 2, 'Entities', 'find', 0),
(132, 3, 'Entities', 'find', 1),
(133, 1, 'Users', 'findUsers', 1),
(134, 2, 'Users', 'findUsers', 1),
(135, 3, 'Users', 'findUsers', 1),
(136, 1, 'Handler', 'index', 0),
(137, 2, 'Handler', 'index', 1),
(138, 3, 'Handler', 'index', 0),
(139, 1, 'FileUpload', 'index', 0),
(140, 2, 'FileUpload', 'index', 0),
(141, 3, 'FileUpload', 'index', 0),
(142, 1, 'Communications', 'redirection', 0),
(143, 2, 'Communications', 'redirection', 0),
(144, 3, 'Communications', 'redirection', 0),
(145, 1, 'Redirections', 'add', 0),
(146, 2, 'Redirections', 'add', 1),
(147, 3, 'Redirections', 'add', 0),
(148, 1, 'Redirections', 'delete', 0),
(149, 2, 'Redirections', 'delete', 1),
(150, 3, 'Redirections', 'delete', 0),
(151, 1, 'Redirections', 'index', 0),
(152, 2, 'Redirections', 'index', 1),
(153, 3, 'Redirections', 'index', 0),
(154, 1, 'Users', 'directory', 0),
(155, 2, 'Users', 'directory', 1),
(156, 3, 'Users', 'directory', 0),
(157, 1, 'Communications', 'download', 0),
(158, 2, 'Communications', 'download', 1),
(159, 3, 'Communications', 'download', 0);

/*!40101 SET CHARACTER_SET_CLIENT=@OLD_CHARACTER_SET_CLIENT */;
/*!40101 SET CHARACTER_SET_RESULTS=@OLD_CHARACTER_SET_RESULTS */;
/*!40101 SET COLLATION_CONNECTION=@OLD_COLLATION_CONNECTION */;
